ts,symbol,side,entry,sl,tp,lots,status,pnl,rmult,regime,score,model_score,meta
2026-02-24T03:50:20.638189+00:00,BTCUSD,BUY,63365.21,62595.414801461164,64904.80039707768,0.01,sent,0.0,0.0,volatile,0.25,0.0
2026-02-24T03:51:22.327690+00:00,BTCUSD,BUY,63468.71,62698.914801461164,65008.30039707768,0.01,sent,0.0,0.0,volatile,0.25,0.0
2026-02-24T03:52:23.852953+00:00,BTCUSD,BUY,63483.21,62713.414801461164,65022.80039707768,0.01,sent,0.0,0.0,volatile,0.25,0.0
2026-02-24T03:53:25.391909+00:00,BTCUSD,BUY,63515.21,62745.414801461164,65054.80039707768,0.01,sent,0.0,0.0,volatile,0.25,0.0
2026-02-24T04:00:35.653895+00:00,XAGUSD,SELL,86.906,88.20779866833195,84.30240266333614,0.01,sent,0.0,0.0,volatile,-0.24,0.0
2026-02-24T04:00:36.034423+00:00,XAUUSD,SELL,5169.06,5199.983431815308,5107.213136369385,0.01,sent,0.0,0.0,trending,-0.24,0.0
2026-02-24T04:01:37.285827+00:00,XAGUSD,SELL,86.875,88.17679866833194,84.27140266333613,0.01,sent,0.0,0.0,volatile,-0.24,0.0
2026-02-24T04:01:37.652527+00:00,XAUUSD,SELL,5167.84,5198.944681815307,5105.630636369386,0.01,sent,0.0,0.0,trending,-0.24,0.0
2026-02-24T04:02:38.975356+00:00,XAGUSD,SELL,86.781,88.09288795404623,84.15722409190757,0.01,sent,0.0,0.0,volatile,-0.24,0.0
2026-02-24T04:02:39.345931+00:00,XAUUSD,SELL,5163.16,5194.735217529593,5100.009564940813,0.01,sent,0.0,0.0,trending,-0.24,0.0
2026-02-24T04:02:39.701885+00:00,BTCUSD,BUY,63525.21,62801.784101356796,64972.06179728641,0.01,sent,0.0,0.0,volatile,0.25,0.0
2026-02-24T04:03:40.834363+00:00,XAGUSD,SELL,86.782,88.09415581118907,84.15768837762184,0.01,sent,0.0,0.0,volatile,-0.24,0.0
2026-02-24T04:03:41.201605+00:00,XAUUSD,SELL,5165.47,5197.045217529593,5102.3195649408135,0.01,sent,0.0,0.0,trending,-0.24,0.0
2026-02-24T04:03:41.551540+00:00,BTCUSD,BUY,63479.21,62751.49838707108,64934.63322585784,0.01,sent,0.0,0.0,volatile,0.25,0.0
2026-02-24T04:04:42.491304+00:00,XAGUSD,SELL,86.821,88.13315581118907,84.19668837762184,0.01,sent,0.0,0.0,volatile,-0.24,0.0
2026-02-24T04:04:42.851402+00:00,XAUUSD,SELL,5164.98,5196.5552175295925,5101.829564940813,0.01,sent,0.0,0.0,trending,-0.24,0.0
2026-02-24T04:04:43.217550+00:00,BTCUSD,BUY,63466.71,62738.01624421393,64924.09751157212,0.01,sent,0.0,0.0,volatile,0.25,0.0
2026-02-24T04:05:44.173723+00:00,XAGUSD,SELL,86.734,88.0466022397605,84.10879552047898,0.01,sent,0.0,0.0,volatile,-0.24,0.0
2026-02-24T04:05:44.518929+00:00,XAUUSD,SELL,5165.04,5196.615217529593,5101.889564940813,0.01,sent,0.0,0.0,trending,-0.24,0.0
2026-02-24T04:05:44.883435+00:00,BTCUSD,BUY,63428.21,62691.21267278536,64902.20465442927,0.01,sent,0.0,0.0,volatile,0.25,0.0
2026-02-24T04:06:45.825355+00:00,XAGUSD,SELL,86.902,88.21862009690336,84.26875980619327,0.01,sent,0.0,0.0,volatile,-0.24,0.0
2026-02-24T04:06:46.191542+00:00,XAUUSD,SELL,5168.23,5199.8052175295925,5105.079564940813,0.01,sent,0.0,0.0,trending,-0.24,0.0
2026-02-24T04:06:46.541681+00:00,BTCUSD,BUY,63372.21,62633.11445849965,64850.401083000696,0.01,sent,0.0,0.0,volatile,0.25,0.0
2026-02-24T04:11:15.460238+00:00,XAGUSD,SELL,86.905,88.22162009690337,84.27175980619327,0.01,sent,0.0,0.0,volatile,-0.24,0.0
2026-02-24T04:11:15.952811+00:00,XAUUSD,SELL,5169.16,5200.735217529593,5106.009564940813,0.01,sent,0.0,0.0,trending,-0.24,0.0
2026-02-24T04:11:16.460518+00:00,BTCUSD,BUY,63318.71,62575.99838707108,64804.13322585784,0.01,sent,0.0,0.0,volatile,0.25,0.0
2026-02-24T04:14:09.264925+00:00,XAGUSD,SELL,86.748,88.07176295404622,84.10047409190756,0.01,sent,0.0,0.0,volatile,-0.24,0.0
2026-02-24T04:14:09.633845+00:00,XAUUSD,SELL,5168.2,5199.775217529593,5105.049564940813,0.01,sent,0.0,0.0,trending,-0.24,0.0
2026-02-24T04:14:10.026425+00:00,BTCUSD,BUY,63082.21,62318.56088707108,64609.50822585784,0.01,sent,0.0,0.0,volatile,0.25,0.0
2026-02-24T04:49:06.145343+00:00,XAGUSD,SELL,86.749,88.07794152547478,84.09111694905042,0.01,sent,0.0,0.0,volatile,-0.24,0.0
2026-02-24T04:49:06.530000+00:00,XAUUSD,SELL,5165.9,5197.752896101021,5102.194207797956,0.01,sent,0.0,0.0,trending,-0.24,0.0
2026-02-24T04:49:06.921442+00:00,BTCUSD,BUY,63267.21,62483.069815642506,64835.490368714985,0.01,sent,0.0,0.0,volatile,0.25,0.0
2026-02-24T05:03:24.247496+00:00,BTCUSD,BUY,63288.21,62552.2673288109,64760.0953423782,0.01,sent,0.0,0.0,volatile,0.25,0.0
2026-02-24T05:19:13.129886+00:00,BTCUSD,BUY,63278.21,62524.4548288109,64785.7203423782,0.01,sent,0.0,0.0,volatile,0.25,0.0
2026-02-24T05:20:14.692491+00:00,BTCUSD,BUY,63222.21,62465.999471668045,64734.631056663915,0.01,sent,0.0,0.0,volatile,0.25,0.0
2026-02-24T05:21:16.678096+00:00,BTCUSD,BUY,63229.21,62467.597685953755,64752.43462809249,0.01,sent,0.0,0.0,volatile,0.25,0.0
2026-02-24T05:22:18.244537+00:00,BTCUSD,BUY,63124.21,62358.2673288109,64656.0953423782,0.01,sent,0.0,0.0,volatile,0.25,0.0
2026-02-24T05:23:19.804841+00:00,BTCUSD,BUY,63020.21,62241.90125738233,64576.82748523534,0.01,sent,0.0,0.0,volatile,0.25,0.0
2026-02-24T05:33:08.489964+00:00,BTCUSD,BUY,62938.21,62134.85661452518,64544.916770949625,0.01,sent,0.0,0.0,volatile,0.25,0.0
2026-02-24T06:19:59.732879+00:00,XAGUSD,BUY,88.592,87.24462184793245,91.2867563041351,0.01,rejected,0.0,0.0,volatile,0.24,0.0
2026-02-24T06:21:01.394663+00:00,XAGUSD,BUY,88.488,87.14062184793245,91.1827563041351,0.01,rejected,0.0,0.0,volatile,0.24,0.0
2026-02-24T06:22:03.021621+00:00,XAGUSD,BUY,88.346,86.99862184793245,91.0407563041351,0.01,rejected,0.0,0.0,volatile,0.24,0.0
2026-02-24T06:23:04.617089+00:00,XAGUSD,BUY,88.398,87.05062184793245,91.0927563041351,0.01,rejected,0.0,0.0,volatile,0.24,0.0
2026-02-24T06:24:06.193381+00:00,XAGUSD,BUY,88.378,87.03062184793245,91.0727563041351,0.01,rejected,0.0,0.0,volatile,0.24,0.0
2026-02-24T06:25:07.911220+00:00,XAGUSD,BUY,88.274,86.92662184793245,90.9687563041351,0.01,rejected,0.0,0.0,volatile,0.24,0.0
2026-02-24T06:26:09.473982+00:00,XAGUSD,BUY,88.194,86.84662184793245,90.8887563041351,0.01,rejected,0.0,0.0,volatile,0.24,0.0
2026-02-24T06:27:11.021351+00:00,XAGUSD,BUY,88.153,86.80562184793246,90.8477563041351,0.01,rejected,0.0,0.0,volatile,0.24,0.0
2026-02-24T06:28:12.570442+00:00,XAGUSD,BUY,88.035,86.68538970507531,90.73422058984939,0.01,rejected,0.0,0.0,volatile,0.24,0.0
2026-02-24T06:29:14.111130+00:00,XAGUSD,BUY,88.022,86.66899684793245,90.7280063041351,0.01,rejected,0.0,0.0,volatile,0.24,0.0
2026-02-24T06:30:15.660301+00:00,XAGUSD,BUY,87.843,86.47303256221817,90.58293487556368,0.01,rejected,0.0,0.0,volatile,0.24,0.0
2026-02-24T06:31:17.388139+00:00,XAGUSD,BUY,87.95,86.58003256221816,90.68993487556368,0.01,rejected,0.0,0.0,volatile,0.24,0.0
2026-02-24T06:32:18.958742+00:00,XAGUSD,BUY,88.07,86.70003256221815,90.80993487556367,0.01,rejected,0.0,0.0,volatile,0.6,0.0
2026-02-24T06:33:20.507645+00:00,XAGUSD,BUY,88.249,86.87903256221816,90.98893487556367,0.01,rejected,0.0,0.0,volatile,0.6,0.0
2026-02-24T06:34:22.073885+00:00,XAGUSD,BUY,88.052,86.68203256221817,90.79193487556368,0.01,rejected,0.0,0.0,volatile,0.6,0.0
2026-02-24T06:35:23.611837+00:00,XAGUSD,BUY,88.057,86.68703256221816,90.79693487556368,0.01,rejected,0.0,0.0,volatile,0.6,0.0
2026-02-24T06:36:25.156623+00:00,XAGUSD,BUY,88.018,86.64803256221816,90.75793487556368,0.01,rejected,0.0,0.0,volatile,0.6,0.0
2026-02-24T06:37:26.879030+00:00,XAGUSD,BUY,88.027,86.65703256221816,90.76693487556368,0.01,rejected,0.0,0.0,volatile,0.6,0.0
2026-02-24T06:38:28.488414+00:00,XAGUSD,BUY,88.162,86.79203256221817,90.90193487556368,0.01,rejected,0.0,0.0,volatile,0.6,0.0
2026-02-24T06:39:30.042813+00:00,XAGUSD,BUY,88.324,86.95403256221816,91.06393487556367,0.01,rejected,0.0,0.0,volatile,0.6,0.0
2026-02-24T06:40:31.600705+00:00,XAGUSD,BUY,88.326,86.95603256221816,91.06593487556367,0.01,rejected,0.0,0.0,volatile,0.6,0.0
2026-02-24T06:41:33.155884+00:00,XAGUSD,BUY,88.21,86.84003256221816,90.94993487556367,0.01,rejected,0.0,0.0,volatile,0.6,0.0
2026-02-24T06:42:34.711703+00:00,XAGUSD,BUY,88.253,86.88303256221816,90.99293487556368,0.01,rejected,0.0,0.0,volatile,0.6,0.0
2026-02-24T06:43:36.409418+00:00,XAGUSD,BUY,88.199,86.82903256221816,90.93893487556367,0.01,rejected,0.0,0.0,volatile,0.6,0.0
2026-02-24T06:44:37.970839+00:00,XAGUSD,BUY,88.144,86.77403256221817,90.88393487556368,0.01,rejected,0.0,0.0,volatile,0.6,0.0
2026-02-24T06:45:39.527024+00:00,XAGUSD,BUY,88.299,86.92903256221817,91.03893487556368,0.01,rejected,0.0,0.0,volatile,0.6,0.0
2026-02-24T06:46:41.081461+00:00,XAGUSD,BUY,88.246,86.87603256221816,90.98593487556367,0.01,rejected,0.0,0.0,volatile,0.6,0.0
2026-02-24T06:47:42.619794+00:00,XAGUSD,BUY,88.212,86.84203256221817,90.95193487556368,0.01,rejected,0.0,0.0,volatile,0.6,0.0
2026-02-24T06:48:44.188109+00:00,XAGUSD,BUY,88.311,86.94103256221817,91.05093487556368,0.01,rejected,0.0,0.0,volatile,0.6,0.0
2026-02-24T06:49:45.928788+00:00,XAGUSD,BUY,88.301,86.93103256221816,91.04093487556368,0.01,rejected,0.0,0.0,volatile,0.6,0.0
2026-02-24T06:50:47.534714+00:00,XAGUSD,BUY,88.236,86.86603256221817,90.97593487556368,0.01,rejected,0.0,0.0,volatile,0.6,0.0
2026-02-24T06:51:49.094888+00:00,XAGUSD,BUY,88.184,86.81403256221816,90.92393487556367,0.01,rejected,0.0,0.0,volatile,0.6,0.0
2026-02-24T06:52:50.634913+00:00,XAGUSD,BUY,88.204,86.83403256221816,90.94393487556367,0.01,rejected,0.0,0.0,volatile,0.6,0.0
2026-02-24T06:53:52.182939+00:00,XAGUSD,BUY,88.196,86.82603256221816,90.93593487556367,0.01,rejected,0.0,0.0,volatile,0.6,0.0
2026-02-24T06:54:53.737422+00:00,XAGUSD,BUY,88.016,86.64603256221817,90.75593487556368,0.01,rejected,0.0,0.0,volatile,0.6,0.0
2026-02-24T06:55:55.437414+00:00,XAGUSD,BUY,88.021,86.65103256221816,90.76093487556368,0.01,rejected,0.0,0.0,volatile,0.6,0.0
2026-02-24T06:56:57.029850+00:00,XAGUSD,BUY,88.099,86.72903256221817,90.83893487556368,0.01,rejected,0.0,0.0,volatile,0.6,0.0
2026-02-24T06:57:58.573007+00:00,XAGUSD,BUY,88.13,86.76003256221816,90.86993487556367,0.01,rejected,0.0,0.0,volatile,0.6,0.0
2026-02-24T06:59:00.174440+00:00,XAGUSD,BUY,88.138,86.76803256221817,90.87793487556368,0.01,rejected,0.0,0.0,volatile,0.6,0.0
2026-02-24T07:19:21.563276+00:00,EURUSD,BUY,1.1774,1.1760196407631442,1.1801607184737115,0.02,rejected,0.0,0.0,quiet,0.0,0.0
2026-02-24T07:19:24.904802+00:00,USDJPY,BUY,155.783,155.44451539689865,156.45996920620263,0.01,rejected,0.0,0.0,normal,-0.25,0.0
2026-02-24T07:20:25.771085+00:00,EURUSD,BUY,1.1776,1.1762196407631442,1.1803607184737115,0.02,rejected,0.0,0.0,quiet,0.0,0.0
2026-02-24T07:20:29.013913+00:00,USDJPY,BUY,155.77,155.43151539689867,156.44696920620265,0.01,rejected,0.0,0.0,normal,-0.25,0.0
2026-02-24T07:21:29.863209+00:00,EURUSD,BUY,1.17759,1.1762096407631442,1.1803507184737114,0.02,rejected,0.0,0.0,quiet,0.0,0.0
2026-02-24T07:21:33.187188+00:00,USDJPY,BUY,155.76,155.42151539689866,156.43696920620263,0.01,rejected,0.0,0.0,normal,-0.25,0.0
2026-02-24T07:22:34.038436+00:00,EURUSD,BUY,1.1775,1.1761196407631442,1.1802607184737115,0.02,rejected,0.0,0.0,quiet,0.0,0.0
2026-02-24T07:22:37.361418+00:00,USDJPY,BUY,155.785,155.44651539689866,156.46196920620264,0.01,rejected,0.0,0.0,normal,-0.25,0.0
2026-02-24T07:23:38.219536+00:00,EURUSD,BUY,1.1773500000000001,1.1759696407631444,1.1801107184737116,0.02,rejected,0.0,0.0,quiet,0.0,0.0
2026-02-24T07:23:41.915267+00:00,USDJPY,BUY,155.851,155.51251539689866,156.52796920620264,0.01,rejected,0.0,0.0,normal,-0.25,0.0
2026-02-24T07:24:42.996962+00:00,EURUSD,BUY,1.17744,1.1760596407631443,1.1802007184737116,0.02,rejected,0.0,0.0,quiet,0.0,0.0
2026-02-24T07:24:46.304959+00:00,USDJPY,BUY,155.892,155.55119396832725,156.5736120633455,0.01,rejected,0.0,0.0,normal,-0.25,0.0
2026-02-24T07:25:47.171497+00:00,EURUSD,BUY,1.17738,1.1759996407631443,1.1801407184737116,0.02,rejected,0.0,0.0,quiet,0.0,0.0
2026-02-24T07:25:50.403991+00:00,USDJPY,BUY,155.879,155.53417611118437,156.5686477776312,0.01,rejected,0.0,0.0,normal,-0.25,0.0
2026-02-24T07:26:51.253288+00:00,EURUSD,BUY,1.17769,1.1763096407631441,1.1804507184737114,0.02,rejected,0.0,0.0,quiet,0.0,0.0
2026-02-24T07:26:54.477277+00:00,USDJPY,BUY,155.849,155.50417611118436,156.5386477776312,0.01,rejected,0.0,0.0,normal,-0.25,0.0
2026-02-24T07:27:55.330048+00:00,EURUSD,BUY,1.17755,1.1761696407631443,1.1803107184737116,0.02,rejected,0.0,0.0,quiet,0.0,0.0
2026-02-24T07:27:58.506009+00:00,USDJPY,BUY,155.854,155.5091761111844,156.54364777763124,0.01,rejected,0.0,0.0,normal,-0.25,0.0
2026-02-24T07:28:59.352499+00:00,EURUSD,BUY,1.1776,1.1762196407631442,1.1803607184737115,0.02,rejected,0.0,0.0,quiet,0.0,0.0
2026-02-24T07:29:02.711808+00:00,USDJPY,BUY,155.903,155.55817611118437,156.5926477776312,0.01,rejected,0.0,0.0,normal,-0.25,0.0
2026-02-24T07:30:03.634409+00:00,EURUSD,BUY,1.1776200000000001,1.1762396407631444,1.1803807184737116,0.02,rejected,0.0,0.0,quiet,0.0,0.0
2026-02-24T07:30:07.085699+00:00,USDJPY,BUY,155.926,155.58117611118436,156.6156477776312,0.01,rejected,0.0,0.0,normal,-0.25,0.0
2026-02-24T07:38:56.354947+00:00,EURUSD,BUY,1.178,1.17660267647743,1.18079464704514,0.01,rejected,0.0,0.0,quiet,0.0,0.0
2026-02-24T07:39:00.180322+00:00,USDJPY,BUY,155.866,155.51412253975585,156.56975492048838,0.01,rejected,0.0,0.0,normal,-0.25,0.0
2026-02-24T07:40:01.064656+00:00,EURUSD,BUY,1.17809,1.1766926764774301,1.1808846470451402,0.01,rejected,0.0,0.0,quiet,0.0,0.0
2026-02-24T07:40:04.839539+00:00,USDJPY,BUY,155.867,155.51512253975582,156.57075492048835,0.01,rejected,0.0,0.0,normal,-0.25,0.0
2026-02-24T07:41:05.683138+00:00,EURUSD,BUY,1.17809,1.1766926764774301,1.1808846470451402,0.01,rejected,0.0,0.0,quiet,0.0,0.0
2026-02-24T07:41:08.876265+00:00,USDJPY,BUY,155.865,155.51312253975584,156.56875492048837,0.01,rejected,0.0,0.0,normal,-0.25,0.0
2026-02-24T07:42:09.721216+00:00,EURUSD,BUY,1.17799,1.1765926764774302,1.1807846470451402,0.01,rejected,0.0,0.0,quiet,0.0,0.0
2026-02-24T07:42:13.377312+00:00,USDJPY,BUY,155.906,155.55412253975584,156.60975492048837,0.01,rejected,0.0,0.0,normal,-0.25,0.0
2026-02-24T07:43:14.247872+00:00,EURUSD,BUY,1.1780599999999999,1.17666267647743,1.18085464704514,0.01,rejected,0.0,0.0,quiet,0.0,0.0
2026-02-24T07:43:17.567184+00:00,USDJPY,BUY,155.915,155.56312253975582,156.61875492048836,0.01,rejected,0.0,0.0,normal,-0.25,0.0
2026-02-24T07:44:18.668776+00:00,EURUSD,BUY,1.17809,1.1766926764774301,1.1808846470451402,0.01,rejected,0.0,0.0,quiet,0.0,0.0
2026-02-24T07:44:22.136370+00:00,USDJPY,BUY,155.916,155.56412253975583,156.61975492048836,0.01,rejected,0.0,0.0,normal,-0.25,0.0
2026-02-24T07:45:23.378183+00:00,EURUSD,BUY,1.17794,1.17654267647743,1.18073464704514,0.01,rejected,0.0,0.0,quiet,0.0,0.0
2026-02-24T07:45:26.727945+00:00,USDJPY,BUY,155.963,155.61112253975583,156.66675492048836,0.01,rejected,0.0,0.0,normal,-0.25,0.0
2026-02-24T07:46:27.562794+00:00,EURUSD,BUY,1.17799,1.1765926764774302,1.1807846470451402,0.01,rejected,0.0,0.0,quiet,0.0,0.0
2026-02-24T07:46:30.868179+00:00,USDJPY,BUY,155.959,155.60712253975584,156.66275492048837,0.01,rejected,0.0,0.0,normal,-0.25,0.0
2026-02-24T07:47:31.744857+00:00,EURUSD,BUY,1.178,1.17660267647743,1.18079464704514,0.01,rejected,0.0,0.0,quiet,0.0,0.0
2026-02-24T07:47:34.987581+00:00,USDJPY,BUY,155.99,155.63812253975584,156.69375492048837,0.01,rejected,0.0,0.0,normal,-0.25,0.0
2026-02-24T07:48:35.861442+00:00,EURUSD,BUY,1.178,1.17660267647743,1.18079464704514,0.01,rejected,0.0,0.0,quiet,0.0,0.0
2026-02-24T07:48:39.588610+00:00,USDJPY,BUY,155.968,155.61612253975582,156.67175492048835,0.01,rejected,0.0,0.0,normal,-0.25,0.0
2026-02-24T07:49:40.497971+00:00,EURUSD,BUY,1.17775,1.1763526764774301,1.1805446470451402,0.01,rejected,0.0,0.0,quiet,0.0,0.0
2026-02-24T07:49:44.342655+00:00,USDJPY,BUY,155.999,155.64712253975583,156.70275492048836,0.01,rejected,0.0,0.0,normal,-0.25,0.0
2026-02-24T07:50:45.389140+00:00,EURUSD,BUY,1.1776,1.17620267647743,1.18039464704514,0.01,rejected,0.0,0.0,quiet,0.0,0.0
2026-02-24T07:50:48.812099+00:00,USDJPY,BUY,156.08,155.72222968261298,156.79554063477408,0.01,rejected,0.0,0.0,normal,-0.25,0.0
2026-02-24T07:51:49.643646+00:00,EURUSD,BUY,1.1774499999999999,1.17605267647743,1.18024464704514,0.01,rejected,0.0,0.0,quiet,0.0,0.0
2026-02-24T07:51:52.877762+00:00,USDJPY,BUY,156.135,155.77089039689866,156.86321920620264,0.01,rejected,0.0,0.0,normal,-0.25,0.0
2026-02-24T07:52:53.721455+00:00,EURUSD,BUY,1.17753,1.17613267647743,1.18032464704514,0.01,rejected,0.0,0.0,quiet,0.0,0.0
2026-02-24T07:52:57.390582+00:00,USDJPY,BUY,156.129,155.76480111118437,156.8573977776312,0.01,rejected,0.0,0.0,normal,-0.25,0.0
2026-02-24T07:53:58.242679+00:00,EURUSD,BUY,1.17769,1.17629267647743,1.18048464704514,0.01,rejected,0.0,0.0,quiet,0.0,0.0
2026-02-24T07:54:01.468882+00:00,USDJPY,BUY,156.099,155.73480111118437,156.8273977776312,0.01,rejected,0.0,0.0,normal,-0.25,0.0
2026-02-24T07:55:02.620020+00:00,EURUSD,BUY,1.17765,1.1762526764774301,1.1804446470451402,0.01,rejected,0.0,0.0,quiet,0.0,0.0
2026-02-24T07:55:06.040987+00:00,USDJPY,BUY,156.08,155.7158011111844,156.80839777763123,0.01,rejected,0.0,0.0,normal,-0.25,0.0
2026-02-24T07:56:06.915252+00:00,EURUSD,BUY,1.1777199999999999,1.17632267647743,1.18051464704514,0.01,rejected,0.0,0.0,quiet,0.0,0.0
2026-02-24T07:56:10.153135+00:00,USDJPY,BUY,156.109,155.7448011111844,156.83739777763122,0.01,rejected,0.0,0.0,normal,-0.25,0.0
2026-02-24T07:57:11.167279+00:00,EURUSD,BUY,1.17776,1.17636267647743,1.18055464704514,0.01,rejected,0.0,0.0,quiet,0.0,0.0
2026-02-24T07:57:14.394148+00:00,USDJPY,BUY,156.126,155.76180111118438,156.85439777763122,0.01,rejected,0.0,0.0,normal,-0.25,0.0
2026-02-24T07:58:15.226054+00:00,EURUSD,BUY,1.17783,1.17643267647743,1.18062464704514,0.01,rejected,0.0,0.0,quiet,0.0,0.0
2026-02-24T08:20:47.960954+00:00,USDJPY,BUY,156.157,155.8016724603855,156.867655079229,0.01,rejected,0.0,0.0,normal,-0.25,0.0
2026-02-24T08:21:48.839626+00:00,EURUSD,BUY,1.17834,1.1769478424433277,1.1811243151133444,0.02,rejected,0.0,0.0,quiet,0.0,0.0
2026-02-24T08:21:52.168202+00:00,USDJPY,BUY,156.142,155.7866724603855,156.85265507922898,0.01,rejected,0.0,0.0,normal,-0.25,0.0
2026-02-24T08:22:53.164517+00:00,EURUSD,BUY,1.17839,1.1769942710147565,1.1811814579704873,0.01,rejected,0.0,0.0,quiet,0.0,0.0
2026-02-24T08:22:56.467635+00:00,USDJPY,BUY,156.196,155.83549388895693,156.91701222208613,0.01,rejected,0.0,0.0,normal,-0.25,0.0
2026-02-24T08:23:57.345322+00:00,EURUSD,BUY,1.17859,1.1771764138718992,1.1814171722562015,0.01,rejected,0.0,0.0,quiet,0.0,0.0
2026-02-24T08:24:00.650336+00:00,USDJPY,BUY,156.269,155.9048331746712,156.99733365065757,0.01,rejected,0.0,0.0,normal,-0.25,0.0
2026-02-24T08:25:02.295544+00:00,EURUSD,BUY,1.17874,1.1773094495861849,1.18160110082763,0.01,rejected,0.0,0.0,quiet,0.0,0.0
2026-02-24T08:25:07.361992+00:00,USDJPY,BUY,156.218,155.85338674609977,156.9472265078004,0.01,rejected,0.0,0.0,normal,-0.25,0.0
2026-02-24T08:26:08.477782+00:00,EURUSD,BUY,1.17865,1.177219449586185,1.18151110082763,0.01,rejected,0.0,0.0,quiet,0.0,0.0
2026-02-24T08:26:12.070984+00:00,USDJPY,BUY,156.197,155.8323867460998,156.92622650780044,0.01,rejected,0.0,0.0,normal,-0.25,0.0
2026-02-24T08:27:13.106940+00:00,EURUSD,BUY,1.1785,1.177069449586185,1.1813611008276301,0.01,rejected,0.0,0.0,quiet,0.0,0.0
2026-02-24T08:27:17.620386+00:00,USDJPY,BUY,156.234,155.8693867460998,156.9632265078004,0.01,rejected,0.0,0.0,normal,-0.25,0.0
2026-02-24T08:28:18.842332+00:00,EURUSD,BUY,1.17861,1.177179449586185,1.18147110082763,0.01,rejected,0.0,0.0,quiet,0.0,0.0
2026-02-24T08:28:22.764206+00:00,USDJPY,BUY,156.198,155.8333867460998,156.9272265078004,0.01,rejected,0.0,0.0,normal,-0.25,0.0
2026-02-24T08:29:23.659262+00:00,EURUSD,BUY,1.17859,1.177159449586185,1.18145110082763,0.01,rejected,0.0,0.0,quiet,0.0,0.0
2026-02-24T08:29:27.476986+00:00,USDJPY,BUY,156.179,155.81438674609979,156.9082265078004,0.01,rejected,0.0,0.0,normal,-0.25,0.0
2026-02-24T08:30:28.402325+00:00,EURUSD,BUY,1.1789399999999999,1.1774951638718991,1.1818296722562014,0.01,rejected,0.0,0.0,quiet,0.36000000000000004,0.0
2026-02-24T08:30:31.817558+00:00,USDJPY,BUY,156.134,155.76938674609977,156.8632265078004,0.01,rejected,0.0,0.0,normal,-0.25,0.0
2026-02-24T08:31:32.802662+00:00,EURUSD,BUY,1.17883,1.1773851638718993,1.1817196722562016,0.01,rejected,0.0,0.0,quiet,0.36000000000000004,0.0
2026-02-24T08:31:36.187367+00:00,USDJPY,BUY,156.119,155.75438674609978,156.8482265078004,0.01,rejected,0.0,0.0,normal,-0.25,0.0
2026-02-24T08:32:37.244040+00:00,EURUSD,BUY,1.17861,1.1771651638718992,1.1814996722562014,0.01,rejected,0.0,0.0,quiet,0.36000000000000004,0.0
2026-02-24T08:32:40.711363+00:00,USDJPY,BUY,156.132,155.7673867460998,156.86122650780044,0.01,rejected,0.0,0.0,normal,-0.25,0.0
2026-02-24T08:33:41.577366+00:00,EURUSD,BUY,1.17854,1.1770951638718992,1.1814296722562014,0.01,rejected,0.0,0.0,quiet,0.36000000000000004,0.0
2026-02-24T08:33:45.026755+00:00,USDJPY,BUY,156.087,155.72238674609977,156.81622650780042,0.01,rejected,0.0,0.0,normal,-0.25,0.0
2026-02-24T08:34:46.058929+00:00,EURUSD,BUY,1.17863,1.1771851638718993,1.1815196722562016,0.01,rejected,0.0,0.0,quiet,0.36000000000000004,0.0
2026-02-24T08:34:50.454797+00:00,USDJPY,BUY,156.086,155.7213867460998,156.81522650780045,0.01,rejected,0.0,0.0,normal,-0.25,0.0
2026-02-24T08:35:51.314399+00:00,EURUSD,BUY,1.17881,1.1773651638718992,1.1816996722562014,0.01,rejected,0.0,0.0,quiet,0.36000000000000004,0.0
2026-02-24T08:35:54.637368+00:00,USDJPY,BUY,156.036,155.67138674609978,156.76522650780043,0.01,rejected,0.0,0.0,normal,-0.25,0.0
2026-02-24T08:36:55.538762+00:00,EURUSD,BUY,1.17865,1.1772051638718992,1.1815396722562015,0.01,rejected,0.0,0.0,quiet,0.36000000000000004,0.0
2026-02-24T08:36:59.020219+00:00,USDJPY,BUY,156.01,155.64538674609977,156.73922650780042,0.01,rejected,0.0,0.0,normal,-0.25,0.0
2026-02-24T08:37:59.915187+00:00,EURUSD,BUY,1.17876,1.1773151638718993,1.1816496722562015,0.01,rejected,0.0,0.0,quiet,0.36000000000000004,0.0
2026-02-24T08:38:03.237127+00:00,USDJPY,BUY,156.013,155.6483867460998,156.7422265078004,0.01,rejected,0.0,0.0,normal,-0.25,0.0
2026-02-24T08:39:04.253913+00:00,EURUSD,BUY,1.17864,1.1771951638718992,1.1815296722562014,0.01,rejected,0.0,0.0,quiet,0.36000000000000004,0.0
2026-02-24T08:39:07.576516+00:00,USDJPY,BUY,156.049,155.6843867460998,156.7782265078004,0.01,rejected,0.0,0.0,normal,-0.25,0.0
2026-02-24T08:40:08.427721+00:00,EURUSD,BUY,1.17864,1.1771951638718992,1.1815296722562014,0.01,rejected,0.0,0.0,quiet,0.36000000000000004,0.0
2026-02-24T08:40:11.849952+00:00,USDJPY,BUY,155.998,155.63338674609977,156.72722650780042,0.01,rejected,0.0,0.0,normal,-0.25,0.0
2026-02-24T08:41:12.695810+00:00,EURUSD,BUY,1.1785,1.1770551638718993,1.1813896722562016,0.01,rejected,0.0,0.0,quiet,0.36000000000000004,0.0
2026-02-24T08:41:16.010591+00:00,USDJPY,BUY,156.049,155.6824224603855,156.782155079229,0.01,rejected,0.0,0.0,normal,-0.25,0.0
2026-02-24T08:42:16.917087+00:00,EURUSD,BUY,1.17856,1.1771151638718993,1.1814496722562016,0.01,rejected,0.0,0.0,quiet,0.36000000000000004,0.0
2026-02-24T08:42:20.792838+00:00,USDJPY,BUY,156.069,155.7024224603855,156.80215507922898,0.01,rejected,0.0,0.0,normal,-0.25,0.0
2026-02-24T08:43:21.700151+00:00,EURUSD,BUY,1.17861,1.1771651638718992,1.1814996722562014,0.01,rejected,0.0,0.0,quiet,0.36000000000000004,0.0
2026-02-24T08:43:25.138249+00:00,USDJPY,BUY,156.035,155.6684224603855,156.768155079229,0.01,rejected,0.0,0.0,normal,-0.25,0.0
2026-02-24T08:44:26.012337+00:00,EURUSD,BUY,1.17876,1.1773151638718993,1.1816496722562015,0.01,rejected,0.0,0.0,quiet,0.36000000000000004,0.0
2026-02-24T08:44:29.265399+00:00,USDJPY,BUY,156.003,155.6364224603855,156.73615507922898,0.01,rejected,0.0,0.0,normal,-0.25,0.0
2026-02-24T08:45:30.271814+00:00,EURUSD,BUY,1.17873,1.1772851638718993,1.1816196722562016,0.01,rejected,0.0,0.0,quiet,0.36000000000000004,0.0
2026-02-24T08:45:33.670344+00:00,USDJPY,BUY,156.015,155.6484224603855,156.74815507922898,0.01,rejected,0.0,0.0,normal,-0.25,0.0
2026-02-24T08:46:34.547081+00:00,EURUSD,BUY,1.17868,1.1772351638718992,1.1815696722562015,0.01,rejected,0.0,0.0,quiet,0.36000000000000004,0.0
2026-02-24T08:46:37.872520+00:00,USDJPY,BUY,156.012,155.6454224603855,156.745155079229,0.01,rejected,0.0,0.0,normal,-0.25,0.0
2026-02-24T08:47:39.153567+00:00,EURUSD,BUY,1.17879,1.1773451638718992,1.1816796722562015,0.01,rejected,0.0,0.0,quiet,0.36000000000000004,0.0
2026-02-24T08:47:42.689236+00:00,USDJPY,BUY,155.958,155.5914224603855,156.691155079229,0.01,rejected,0.0,0.0,normal,-0.09999999999999999,0.0
2026-02-24T08:48:43.596838+00:00,EURUSD,BUY,1.17876,1.1773151638718993,1.1816496722562015,0.01,rejected,0.0,0.0,quiet,0.36000000000000004,0.0
2026-02-24T08:48:46.868038+00:00,USDJPY,BUY,156.009,155.6423331746712,156.74233365065754,0.01,rejected,0.0,0.0,normal,-0.25,0.0
2026-02-24T08:49:47.722634+00:00,EURUSD,BUY,1.17869,1.1772451638718993,1.1815796722562015,0.01,rejected,0.0,0.0,quiet,0.36000000000000004,0.0
2026-02-24T08:49:51.065704+00:00,USDJPY,BUY,155.952,155.58506531752835,156.68586936494327,0.01,rejected,0.0,0.0,normal,-0.09999999999999999,0.0
2026-02-24T08:50:51.966659+00:00,EURUSD,BUY,1.17858,1.1771351638718992,1.1814696722562015,0.01,rejected,0.0,0.0,quiet,0.36000000000000004,0.0
2026-02-24T08:50:55.200898+00:00,USDJPY,BUY,155.952,155.58381531752835,156.68836936494327,0.01,rejected,0.0,0.0,normal,-0.09999999999999999,0.0
2026-02-24T08:51:56.211556+00:00,EURUSD,BUY,1.1785,1.1770551638718993,1.1813896722562016,0.01,rejected,0.0,0.0,quiet,0.36000000000000004,0.0
2026-02-24T08:51:59.487664+00:00,USDJPY,BUY,155.922,155.55149388895694,156.66301222208614,0.01,rejected,0.0,0.0,normal,0.0,0.0
2026-02-24T08:53:00.391754+00:00,EURUSD,BUY,1.17856,1.1771151638718993,1.1814496722562016,0.01,rejected,0.0,0.0,quiet,0.36000000000000004,0.0
2026-02-24T08:53:04.286356+00:00,USDJPY,BUY,155.944,155.57349388895693,156.68501222208613,0.01,rejected,0.0,0.0,normal,0.0,0.0
2026-02-24T09:34:22.277921+00:00,USDJPY,BUY,155.767,155.40070095811308,156.49959808377386,0.01,rejected,0.0,0.0,trending,0.0,0.0
2026-02-24T09:48:12.274992+00:00,USDJPY,BUY,155.817,155.45025452954164,156.55049094091672,0.01,rejected,0.0,0.0,trending,0.0,0.0
2026-02-24T09:58:47.696931+00:00,USDJPY,BUY,155.857,155.49025452954163,156.5904909409167,0.01,rejected,0.0,0.0,trending,0.0,0.0
2026-02-24T09:59:51.956435+00:00,USDJPY,BUY,155.845,155.47825452954163,156.5784909409167,0.01,rejected,0.0,0.0,trending,0.0,0.0
2026-02-24T10:00:56.281589+00:00,USDJPY,BUY,155.868,155.5247720631458,156.55445587370838,0.01,rejected,0.0,0.0,trending,0.0,0.0
2026-02-24T10:13:13.519616+00:00,USDJPY,BUY,155.904,155.5532720631458,156.6054558737084,0.01,rejected,0.0,0.0,trending,0.0,0.0
2026-02-24T10:13:40.173776+00:00,USDJPY,BUY,155.90605,155.55527206314582,156.6074558737084,0.01,sim_open,0.0,0.0,trending,0.0,0.0
2026-02-24T10:15:37.691284+00:00,USDJPY,BUY,155.911,155.56027206314582,156.6124558737084,0.01,rejected,0.0,0.0,trending,0.0,0.0
2026-02-24T10:16:41.866334+00:00,USDJPY,BUY,155.927,155.57591492028865,156.62917015942267,0.01,rejected,0.0,0.0,trending,0.0,0.0
2026-02-24T10:17:46.082300+00:00,USDJPY,BUY,155.872,155.5207363488601,156.57452730227982,0.01,rejected,0.0,0.0,trending,0.0,0.0
2026-02-24T10:18:50.985348+00:00,USDJPY,BUY,155.896,155.54473634886008,156.5985273022798,0.01,rejected,0.0,0.0,trending,0.0,0.0
2026-02-24T10:45:57.284865+00:00,EURUSD,BUY,1.17869,1.1772827178283214,1.1815045643433575,0.01,rejected,0.0,0.0,quiet,0.0,0.0
2026-02-24T10:46:00.764792+00:00,USDJPY,BUY,155.844,155.4864863488601,156.55902730227982,0.01,rejected,0.0,0.0,trending,0.0,0.0
2026-02-24T10:47:01.694965+00:00,EURUSD,BUY,1.1786699999999999,1.1772627178283213,1.1814845643433574,0.01,rejected,0.0,0.0,quiet,0.0,0.0
2026-02-24T10:47:04.994731+00:00,USDJPY,BUY,155.857,155.4994863488601,156.57202730227982,0.01,rejected,0.0,0.0,trending,0.0,0.0
2026-02-24T10:48:05.846023+00:00,EURUSD,BUY,1.17875,1.1773427178283213,1.1815645643433574,0.01,rejected,0.0,0.0,quiet,0.0,0.0
2026-02-24T10:48:09.019562+00:00,USDJPY,BUY,155.847,155.4894863488601,156.56202730227983,0.01,rejected,0.0,0.0,trending,0.0,0.0
2026-02-24T10:49:09.892942+00:00,EURUSD,BUY,1.17883,1.1774227178283214,1.1816445643433575,0.01,rejected,0.0,0.0,quiet,0.0,0.0
2026-02-24T10:49:13.138542+00:00,USDJPY,BUY,155.812,155.45448634886012,156.52702730227983,0.01,rejected,0.0,0.0,trending,0.0,0.0
2026-02-24T10:50:13.972988+00:00,EURUSD,BUY,1.17874,1.1773327178283213,1.1815545643433574,0.01,rejected,0.0,0.0,quiet,0.0,0.0
2026-02-24T10:50:17.344332+00:00,USDJPY,BUY,155.819,155.4614863488601,156.5340273022798,0.01,rejected,0.0,0.0,trending,0.0,0.0
2026-02-24T10:51:18.434240+00:00,EURUSD,BUY,1.17863,1.1772227178283214,1.1814445643433575,0.01,rejected,0.0,0.0,quiet,0.0,0.0
2026-02-24T10:52:22.602819+00:00,EURUSD,BUY,1.17861,1.1772027178283213,1.1814245643433574,0.01,rejected,0.0,0.0,quiet,0.0,0.0
2026-02-24T10:53:26.599111+00:00,EURUSD,BUY,1.1786,1.1771927178283215,1.1814145643433576,0.01,rejected,0.0,0.0,quiet,0.0,0.0
2026-02-24T10:54:30.633469+00:00,EURUSD,BUY,1.17864,1.1772327178283213,1.1814545643433574,0.01,rejected,0.0,0.0,quiet,0.0,0.0
2026-02-24T10:55:34.703127+00:00,EURUSD,BUY,1.1785,1.1770927178283215,1.1813145643433576,0.01,rejected,0.0,0.0,quiet,0.0,0.0
2026-02-24T12:30:26.156656+00:00,EURUSD,SELL,1.17743,1.1787836004439474,1.174722799112105,0.02,rejected,0.0,0.0,quiet,-0.36000000000000004,0.0
2026-02-24T12:30:28.580528+00:00,BTCUSD,BUY,63320.21,62662.28197979849,64636.06604040302,0.01,rejected,0.0,0.0,volatile,0.36000000000000004,0.0
2026-02-24T12:31:30.194264+00:00,EURUSD,SELL,1.17749,1.1788436004439473,1.174782799112105,0.02,rejected,0.0,0.0,quiet,-0.36000000000000004,0.0
2026-02-24T12:31:32.696792+00:00,BTCUSD,BUY,63313.71,62655.78197979849,64629.56604040302,0.01,rejected,0.0,0.0,volatile,0.36000000000000004,0.0
2026-02-24T12:32:36.687853+00:00,BTCUSD,BUY,63311.21,62653.28197979849,64627.06604040302,0.01,rejected,0.0,0.0,volatile,0.36000000000000004,0.0
2026-02-24T12:34:44.716004+00:00,BTCUSD,BUY,63279.21,62621.28197979849,64595.06604040302,0.01,rejected,0.0,0.0,volatile,0.36000000000000004,0.0
2026-02-24T12:35:46.313466+00:00,EURUSD,SELL,1.17751,1.1788636004439474,1.174802799112105,0.02,rejected,0.0,0.0,quiet,-0.36000000000000004,0.0
2026-02-24T12:35:48.722118+00:00,BTCUSD,BUY,63260.21,62602.28197979849,64576.06604040302,0.01,rejected,0.0,0.0,volatile,0.36000000000000004,0.0
2026-02-25T00:00:48.491504+00:00,XAUUSD,SELL,5149.53,5178.808135834634,5090.97372833073,0.01,rejected,0.0,0.0,trending,-0.36000000000000004,0.0
2026-02-25T00:00:49.335912+00:00,BTCUSD,SELL,64078.21,64707.154904553914,62820.32019089218,0.01,rejected,0.0,0.0,volatile,-0.36000000000000004,0.0
2026-02-25T00:01:52.498257+00:00,XAUUSD,SELL,5147.71,5177.004207263206,5089.121585473588,0.01,rejected,0.0,0.0,trending,-0.36000000000000004,0.0
2026-02-25T00:01:53.358864+00:00,BTCUSD,SELL,64056.71,64686.45847598249,62797.21304803503,0.01,rejected,0.0,0.0,volatile,-0.36000000000000004,0.0
2026-02-25T00:02:56.536398+00:00,XAUUSD,SELL,5145.31,5174.770278691778,5086.389442616446,0.01,rejected,0.0,0.0,trending,-0.36000000000000004,0.0
2026-02-25T00:02:57.396353+00:00,BTCUSD,SELL,64073.21,64706.128118839624,62807.37376232075,0.01,rejected,0.0,0.0,volatile,-0.36000000000000004,0.0
2026-02-25T00:04:00.604943+00:00,XAUUSD,SELL,5143.53,5173.138492977491,5084.313014045017,0.01,rejected,0.0,0.0,trending,-0.36000000000000004,0.0
2026-02-25T00:04:01.480616+00:00,BTCUSD,SELL,64049.21,64682.128118839624,62783.37376232075,0.01,rejected,0.0,0.0,volatile,-0.36000000000000004,0.0
2026-02-25T00:05:04.939936+00:00,XAUUSD,SELL,5140.46,5170.3131358346345,5080.753728330731,0.01,rejected,0.0,0.0,trending,-0.36000000000000004,0.0
2026-02-25T00:05:05.799972+00:00,BTCUSD,SELL,64037.21,64670.128118839624,62771.37376232075,0.01,rejected,0.0,0.0,volatile,-0.36000000000000004,0.0
2026-02-25T00:06:09.008664+00:00,XAUUSD,SELL,5142.07,5172.032957263205,5082.144085473587,0.01,rejected,0.0,0.0,trending,-0.36000000000000004,0.0
2026-02-25T00:06:09.868744+00:00,BTCUSD,SELL,64052.21,64685.217404553914,62786.19519089218,0.01,rejected,0.0,0.0,volatile,-0.36000000000000004,0.0
2026-02-25T00:07:12.999243+00:00,XAUUSD,SELL,5140.43,5170.448314406063,5080.393371187874,0.01,rejected,0.0,0.0,trending,-0.36000000000000004,0.0
2026-02-25T00:07:13.859250+00:00,BTCUSD,SELL,64072.21,64705.217404553914,62806.19519089218,0.01,rejected,0.0,0.0,volatile,-0.36000000000000004,0.0
2026-02-25T00:08:16.990470+00:00,XAUUSD,SELL,5142.3,5172.420100120349,5082.059799759302,0.01,rejected,0.0,0.0,trending,-0.36000000000000004,0.0
2026-02-25T00:08:17.834920+00:00,BTCUSD,SELL,64074.71,64707.76204741105,62808.60590517789,0.01,rejected,0.0,0.0,volatile,-0.36000000000000004,0.0
2026-02-25T00:09:21.013046+00:00,XAUUSD,SELL,5143.2,5173.320100120349,5082.959799759302,0.01,rejected,0.0,0.0,trending,-0.36000000000000004,0.0
2026-02-25T00:09:21.873081+00:00,BTCUSD,SELL,64047.21,64680.529904553914,62780.57019089218,0.01,rejected,0.0,0.0,volatile,-0.36000000000000004,0.0
2026-02-25T00:10:25.097681+00:00,XAUUSD,SELL,5141.33,5171.450100120349,5081.089799759302,0.01,rejected,0.0,0.0,trending,-0.36000000000000004,0.0
2026-02-25T00:10:25.973364+00:00,BTCUSD,SELL,64000.21,64634.95847598249,62730.71304803503,0.01,rejected,0.0,0.0,volatile,-0.36000000000000004,0.0
2026-02-25T00:11:29.338619+00:00,XAUUSD,SELL,5141.26,5171.380100120349,5081.019799759302,0.01,rejected,0.0,0.0,trending,-0.36000000000000004,0.0
2026-02-25T00:11:30.183045+00:00,BTCUSD,SELL,64029.21,64665.92276169677,62755.78447660646,0.01,rejected,0.0,0.0,volatile,-0.36000000000000004,0.0
2026-02-25T00:12:33.454570+00:00,XAUUSD,SELL,5140.7,5170.820100120349,5080.459799759302,0.01,rejected,0.0,0.0,trending,-0.36000000000000004,0.0
2026-02-25T00:12:34.298459+00:00,BTCUSD,SELL,64020.21,64656.92276169677,62746.78447660646,0.01,rejected,0.0,0.0,volatile,-0.36000000000000004,0.0
2026-02-25T00:13:37.507301+00:00,XAUUSD,SELL,5140.15,5170.270100120349,5079.909799759302,0.01,rejected,0.0,0.0,trending,-0.36000000000000004,0.0
2026-02-25T00:13:38.367349+00:00,BTCUSD,SELL,64002.21,64638.92276169677,62728.78447660646,0.01,rejected,0.0,0.0,volatile,-0.36000000000000004,0.0
2026-02-25T00:14:41.623078+00:00,XAUUSD,SELL,5141.06,5171.180100120349,5080.819799759302,0.01,rejected,0.0,0.0,trending,-0.36000000000000004,0.0
2026-02-25T00:14:42.451330+00:00,BTCUSD,SELL,63953.71,64593.32454741105,62674.48090517789,0.01,rejected,0.0,0.0,volatile,-0.36000000000000004,0.0
2026-02-25T00:15:45.753673+00:00,XAUUSD,SELL,5140.69,5170.810100120349,5080.449799759302,0.01,rejected,0.0,0.0,trending,-0.36000000000000004,0.0
2026-02-25T00:15:46.613718+00:00,BTCUSD,SELL,63949.21,64592.08347598249,62663.46304803503,0.01,rejected,0.0,0.0,volatile,-0.36000000000000004,0.0
2026-02-25T00:16:49.916817+00:00,XAUUSD,SELL,5144.32,5174.440100120349,5084.079799759302,0.01,rejected,0.0,0.0,trending,-0.36000000000000004,0.0
2026-02-25T00:16:50.776858+00:00,BTCUSD,SELL,63969.21,64612.08347598249,62683.46304803503,0.01,rejected,0.0,0.0,volatile,-0.36000000000000004,0.0
2026-02-25T00:17:54.483815+00:00,XAUUSD,SELL,5143.16,5173.280100120349,5082.919799759302,0.01,rejected,0.0,0.0,trending,-0.36000000000000004,0.0
2026-02-25T00:17:55.328950+00:00,BTCUSD,SELL,63962.71,64605.58347598249,62676.96304803503,0.01,rejected,0.0,0.0,volatile,-0.36000000000000004,0.0
2026-02-25T00:18:58.506122+00:00,XAUUSD,SELL,5143.41,5173.530100120349,5083.169799759302,0.01,rejected,0.0,0.0,trending,-0.36000000000000004,0.0
2026-02-25T00:18:59.334902+00:00,BTCUSD,SELL,63997.71,64640.58347598249,62711.96304803503,0.01,rejected,0.0,0.0,volatile,-0.36000000000000004,0.0
2026-02-25T00:20:02.871676+00:00,XAUUSD,SELL,5142.99,5173.110100120349,5082.749799759302,0.01,rejected,0.0,0.0,trending,-0.36000000000000004,0.0
2026-02-25T00:20:03.747434+00:00,BTCUSD,SELL,64039.21,64682.08347598249,62753.46304803503,0.01,rejected,0.0,0.0,volatile,-0.36000000000000004,0.0
2026-02-25T00:21:06.986402+00:00,XAUUSD,SELL,5145.65,5175.770100120349,5085.409799759302,0.01,rejected,0.0,0.0,trending,-0.36000000000000004,0.0
2026-02-25T00:21:07.846555+00:00,BTCUSD,SELL,63983.21,64626.08347598249,62697.46304803503,0.01,rejected,0.0,0.0,volatile,-0.36000000000000004,0.0
2026-02-25T00:22:11.008031+00:00,XAUUSD,SELL,5143.95,5174.070100120349,5083.709799759302,0.01,rejected,0.0,0.0,trending,-0.36000000000000004,0.0
2026-02-25T00:22:11.852496+00:00,BTCUSD,SELL,63998.21,64641.08347598249,62712.46304803503,0.01,rejected,0.0,0.0,volatile,-0.36000000000000004,0.0
2026-02-25T00:23:15.014138+00:00,XAUUSD,SELL,5145.25,5175.370100120349,5085.009799759302,0.01,rejected,0.0,0.0,trending,-0.36000000000000004,0.0
2026-02-25T00:23:15.858521+00:00,BTCUSD,SELL,64005.21,64648.08347598249,62719.46304803503,0.01,rejected,0.0,0.0,volatile,-0.36000000000000004,0.0
2026-02-25T00:24:19.177104+00:00,XAUUSD,SELL,5145.45,5175.570100120349,5085.209799759302,0.01,rejected,0.0,0.0,trending,-0.36000000000000004,0.0
2026-02-25T00:24:20.005883+00:00,BTCUSD,SELL,64042.21,64685.08347598249,62756.46304803503,0.01,rejected,0.0,0.0,volatile,-0.36000000000000004,0.0
2026-02-25T00:25:23.668048+00:00,XAUUSD,SELL,5141.21,5171.330100120349,5080.969799759302,0.01,rejected,0.0,0.0,trending,-0.36000000000000004,0.0
2026-02-25T00:25:24.528039+00:00,BTCUSD,SELL,64029.21,64672.08347598249,62743.46304803503,0.01,rejected,0.0,0.0,volatile,-0.36000000000000004,0.0
2026-02-25T00:26:27.768670+00:00,XAUUSD,SELL,5140.9,5171.020100120349,5080.659799759302,0.01,rejected,0.0,0.0,trending,-0.36000000000000004,0.0
2026-02-25T00:26:28.613155+00:00,BTCUSD,SELL,64001.21,64644.08347598249,62715.46304803503,0.01,rejected,0.0,0.0,volatile,-0.36000000000000004,0.0
2026-02-25T00:27:31.791973+00:00,XAUUSD,SELL,5140.98,5171.1001001203485,5080.739799759302,0.01,rejected,0.0,0.0,trending,-0.36000000000000004,0.0
2026-02-25T00:27:32.636399+00:00,BTCUSD,SELL,63967.21,64610.08347598249,62681.46304803503,0.01,rejected,0.0,0.0,volatile,-0.36000000000000004,0.0
2026-02-25T00:28:35.782556+00:00,XAUUSD,SELL,5140.59,5170.710100120349,5080.349799759302,0.01,rejected,0.0,0.0,trending,-0.36000000000000004,0.0
2026-02-25T00:28:36.611350+00:00,BTCUSD,SELL,63949.21,64592.08347598249,62663.46304803503,0.01,rejected,0.0,0.0,volatile,-0.36000000000000004,0.0
2026-02-25T00:29:39.757491+00:00,XAUUSD,SELL,5140.21,5170.330100120349,5079.969799759302,0.01,rejected,0.0,0.0,trending,-0.36000000000000004,0.0
2026-02-25T00:29:40.601953+00:00,BTCUSD,SELL,63957.21,64600.08347598249,62671.46304803503,0.01,rejected,0.0,0.0,volatile,-0.36000000000000004,0.0
2026-02-25T01:00:36.093460+00:00,USDJPY,SELL,155.684,155.94812993596577,155.15574012806843,0.01,rejected,0.0,0.0,normal,-0.24,0.0
2026-02-25T01:01:40.006569+00:00,USDJPY,SELL,155.713,155.98061207882293,155.17777584235415,0.01,rejected,0.0,0.0,normal,-0.24,0.0
2026-02-25T01:02:44.137386+00:00,USDJPY,SELL,155.691,155.9587906502515,155.155418699497,0.01,rejected,0.0,0.0,normal,-0.24,0.0
2026-02-25T01:03:48.081232+00:00,USDJPY,SELL,155.713,155.9808799359658,155.17724012806843,0.01,rejected,0.0,0.0,normal,-0.24,0.0
2026-02-25T01:04:52.009424+00:00,USDJPY,SELL,155.729,155.9974156502515,155.19216869949702,0.01,rejected,0.0,0.0,normal,-0.24,0.0
2026-02-25T01:05:55.906090+00:00,USDJPY,SELL,155.714,155.9829513645372,155.17609727092557,0.01,rejected,0.0,0.0,normal,-0.24,0.0
2026-02-25T01:06:59.848084+00:00,USDJPY,SELL,155.724,155.9929513645372,155.18609727092556,0.01,rejected,0.0,0.0,normal,-0.24,0.0
2026-02-25T01:08:04.214010+00:00,USDJPY,SELL,155.697,155.9659513645372,155.15909727092557,0.01,rejected,0.0,0.0,normal,-0.24,0.0
2026-02-25T01:09:08.610960+00:00,USDJPY,SELL,155.673,155.9419513645372,155.13509727092557,0.01,rejected,0.0,0.0,normal,-0.24,0.0
2026-02-25T01:10:12.571251+00:00,USDJPY,SELL,155.658,155.9269513645372,155.12009727092556,0.01,rejected,0.0,0.0,normal,-0.24,0.0
2026-02-25T01:11:15.717710+00:00,BTCUSD,BUY,64919.71,64231.05962944483,66297.01074111032,0.01,rejected,0.0,0.0,volatile,0.36000000000000004,0.0
2026-02-25T01:11:16.562130+00:00,USDJPY,SELL,155.676,155.9449513645372,155.13809727092556,0.01,rejected,0.0,0.0,normal,-0.24,0.0
2026-02-25T01:12:20.537755+00:00,USDJPY,SELL,155.688,155.9569513645372,155.15009727092556,0.01,rejected,0.0,0.0,normal,-0.24,0.0
2026-02-25T01:13:24.512983+00:00,USDJPY,SELL,155.67,155.9389513645372,155.13209727092556,0.01,rejected,0.0,0.0,normal,-0.24,0.0
2026-02-25T01:14:28.439771+00:00,USDJPY,SELL,155.674,155.9429513645372,155.13609727092557,0.01,rejected,0.0,0.0,normal,-0.24,0.0
2026-02-25T01:15:32.617381+00:00,USDJPY,SELL,155.675,155.9439513645372,155.13709727092558,0.01,rejected,0.0,0.0,normal,-0.24,0.0
2026-02-25T01:16:36.544083+00:00,USDJPY,SELL,155.69,155.9589513645372,155.15209727092557,0.01,rejected,0.0,0.0,normal,-0.24,0.0
2026-02-25T01:17:40.471570+00:00,USDJPY,SELL,155.708,155.9769513645372,155.17009727092557,0.01,rejected,0.0,0.0,normal,-0.24,0.0
2026-02-25T01:18:44.399550+00:00,USDJPY,SELL,155.726,155.9949513645372,155.18809727092557,0.01,rejected,0.0,0.0,normal,-0.24,0.0
2026-02-25T01:19:48.249264+00:00,USDJPY,SELL,155.724,155.9929513645372,155.18609727092556,0.01,rejected,0.0,0.0,normal,-0.24,0.0
2026-02-25T01:20:52.210479+00:00,USDJPY,SELL,155.746,156.0157549359658,155.20649012806845,0.01,rejected,0.0,0.0,normal,-0.24,0.0
2026-02-25T01:21:56.326742+00:00,USDJPY,SELL,155.76,156.0308263645372,155.21834727092556,0.01,rejected,0.0,0.0,normal,-0.24,0.0
2026-02-25T01:23:00.285182+00:00,USDJPY,SELL,155.762,156.03434422168007,155.21731155663986,0.01,rejected,0.0,0.0,normal,-0.24,0.0
2026-02-25T01:24:04.480220+00:00,USDJPY,SELL,155.761,156.03334422168007,155.21631155663985,0.01,rejected,0.0,0.0,normal,-0.24,0.0
2026-02-25T01:25:08.815315+00:00,USDJPY,SELL,155.771,156.0443263645372,155.22434727092556,0.01,rejected,0.0,0.0,normal,-0.24,0.0
2026-02-25T01:26:12.806740+00:00,USDJPY,SELL,155.773,156.0463263645372,155.22634727092557,0.01,rejected,0.0,0.0,normal,-0.24,0.0
2026-02-25T01:27:16.750690+00:00,USDJPY,SELL,155.789,156.0624156502515,155.242168699497,0.01,rejected,0.0,0.0,normal,-0.24,0.0
2026-02-25T01:28:20.866680+00:00,USDJPY,SELL,155.756,156.0294156502515,155.209168699497,0.01,rejected,0.0,0.0,normal,-0.24,0.0
2026-02-25T01:29:24.826184+00:00,USDJPY,SELL,155.768,156.0414156502515,155.221168699497,0.01,rejected,0.0,0.0,normal,-0.24,0.0
2026-02-25T01:30:26.814718+00:00,XAGUSD,BUY,88.473,87.19898542652473,91.02102914695053,0.01,rejected,0.0,0.0,normal,0.36000000000000004,0.0
2026-02-25T01:30:27.659130+00:00,XAUUSD,BUY,5182.89,5150.436131520901,5247.7977369581995,0.01,rejected,0.0,0.0,normal,0.36000000000000004,0.0
2026-02-25T01:30:28.519119+00:00,BTCUSD,SELL,66000.21,66809.79787055516,64381.034258889675,0.01,rejected,0.0,0.0,volatile,-0.25,0.0
2026-02-25T01:30:29.394808+00:00,USDJPY,SELL,155.771,156.0444156502515,155.224168699497,0.01,rejected,0.0,0.0,normal,-0.24,0.0
2026-02-25T01:31:31.304671+00:00,XAGUSD,BUY,88.413,87.13898542652473,90.96102914695052,0.01,rejected,0.0,0.0,normal,0.36000000000000004,0.0
2026-02-25T01:31:32.149106+00:00,XAUUSD,BUY,5183.19,5150.7361315209,5248.097736958199,0.01,rejected,0.0,0.0,normal,0.36000000000000004,0.0
2026-02-25T01:31:33.009120+00:00,BTCUSD,SELL,65997.71,66807.29787055516,64378.534258889675,0.01,rejected,0.0,0.0,volatile,-0.25,0.0
2026-02-25T01:31:33.868811+00:00,USDJPY,SELL,155.752,156.02541565025152,155.20516869949702,0.01,rejected,0.0,0.0,normal,-0.24,0.0
2026-02-25T01:32:35.498223+00:00,XAGUSD,BUY,88.323,87.04898542652472,90.87102914695052,0.01,rejected,0.0,0.0,normal,0.36000000000000004,0.0
2026-02-25T01:32:36.358262+00:00,XAUUSD,BUY,5183.85,5151.396131520901,5248.7577369581995,0.01,rejected,0.0,0.0,normal,0.36000000000000004,0.0
2026-02-25T01:32:37.202675+00:00,BTCUSD,SELL,66058.21,66867.79787055516,64439.034258889675,0.01,rejected,0.0,0.0,volatile,-0.25,0.0
2026-02-25T01:32:38.047083+00:00,USDJPY,SELL,155.734,156.00741565025152,155.18716869949702,0.01,rejected,0.0,0.0,normal,-0.24,0.0
2026-02-25T01:33:39.676116+00:00,XAGUSD,BUY,88.489,87.21498542652473,91.03702914695053,0.01,rejected,0.0,0.0,normal,0.36000000000000004,0.0
2026-02-25T01:33:40.489289+00:00,XAUUSD,BUY,5184.73,5152.2761315209,5249.637736958199,0.01,rejected,0.0,0.0,normal,0.36000000000000004,0.0
2026-02-25T01:33:41.364878+00:00,BTCUSD,SELL,66008.21,66817.79787055516,64389.034258889675,0.01,rejected,0.0,0.0,volatile,-0.25,0.0
2026-02-25T01:33:42.240597+00:00,USDJPY,SELL,155.7,155.9734156502515,155.153168699497,0.01,rejected,0.0,0.0,normal,-0.24,0.0
2026-02-25T01:34:44.041434+00:00,XAGUSD,BUY,88.566,87.28448542652474,91.12902914695053,0.01,rejected,0.0,0.0,normal,0.36000000000000004,0.0
2026-02-25T01:34:44.885827+00:00,XAUUSD,BUY,5185.37,5152.9161315209,5250.277736958199,0.01,rejected,0.0,0.0,normal,0.36000000000000004,0.0
2026-02-25T01:34:45.714670+00:00,BTCUSD,SELL,66029.21,66838.79787055516,64410.034258889675,0.01,rejected,0.0,0.0,volatile,-0.25,0.0
2026-02-25T01:34:46.543396+00:00,USDJPY,SELL,155.687,155.96041565025152,155.14016869949702,0.01,rejected,0.0,0.0,normal,-0.24,0.0
2026-02-25T01:35:48.219147+00:00,XAGUSD,BUY,88.676,87.38707471223903,91.25385057552195,0.01,rejected,0.0,0.0,normal,0.36000000000000004,0.0
2026-02-25T01:35:49.062560+00:00,XAUUSD,BUY,5188.78,5156.1993458066145,5253.94130838677,0.01,rejected,0.0,0.0,normal,0.36000000000000004,0.0
2026-02-25T01:35:49.891304+00:00,BTCUSD,SELL,66129.21,66938.79787055516,64510.034258889675,0.01,rejected,0.0,0.0,volatile,-0.25,0.0
2026-02-25T01:35:50.751378+00:00,USDJPY,SELL,155.661,155.93450493596578,155.11399012806845,0.01,rejected,0.0,0.0,normal,-0.6,0.0
2026-02-25T01:36:52.426863+00:00,XAGUSD,BUY,88.395,87.10536042652473,90.97427914695052,0.01,rejected,0.0,0.0,normal,0.36000000000000004,0.0
2026-02-25T01:36:53.271273+00:00,XAUUSD,BUY,5184.74,5152.141488663758,5249.937022672484,0.01,rejected,0.0,0.0,normal,0.36000000000000004,0.0
2026-02-25T01:36:54.115631+00:00,BTCUSD,SELL,66137.21,66946.79787055516,64518.034258889675,0.01,rejected,0.0,0.0,volatile,-0.25,0.0
2026-02-25T01:36:54.960059+00:00,USDJPY,SELL,155.638,155.91418350739434,155.0856329852113,0.01,rejected,0.0,0.0,normal,-0.6,0.0
2026-02-25T01:37:56.588983+00:00,XAGUSD,BUY,88.276,86.98636042652473,90.85527914695052,0.01,rejected,0.0,0.0,normal,0.36000000000000004,0.0
2026-02-25T01:37:57.449020+00:00,XAUUSD,BUY,5181.53,5148.931488663758,5246.727022672484,0.01,rejected,0.0,0.0,normal,0.36000000000000004,0.0
2026-02-25T01:37:58.340298+00:00,BTCUSD,SELL,66093.21,66902.79787055516,64474.034258889675,0.01,rejected,0.0,0.0,volatile,-0.25,0.0
2026-02-25T01:37:59.200353+00:00,USDJPY,SELL,155.655,155.93118350739434,155.1026329852113,0.01,rejected,0.0,0.0,normal,-0.6,0.0
2026-02-25T01:39:00.860931+00:00,XAGUSD,BUY,88.313,87.02336042652473,90.89227914695053,0.01,rejected,0.0,0.0,normal,0.36000000000000004,0.0
2026-02-25T01:39:01.830718+00:00,XAUUSD,BUY,5180.22,5147.621488663758,5245.417022672485,0.01,rejected,0.0,0.0,normal,0.36000000000000004,0.0
2026-02-25T01:39:02.893045+00:00,BTCUSD,SELL,66180.71,66990.29787055516,64561.534258889675,0.01,rejected,0.0,0.0,volatile,-0.25,0.0
2026-02-25T01:39:03.799812+00:00,USDJPY,SELL,155.664,155.94018350739432,155.1116329852113,0.01,rejected,0.0,0.0,normal,-0.6,0.0
2026-02-25T01:40:05.819247+00:00,XAGUSD,BUY,88.35,87.06036042652472,90.92927914695052,0.01,rejected,0.0,0.0,normal,0.36000000000000004,0.0
2026-02-25T01:40:06.664162+00:00,XAUUSD,BUY,5182.9,5150.3014886637575,5248.097022672484,0.01,rejected,0.0,0.0,normal,0.36000000000000004,0.0
2026-02-25T01:40:07.492913+00:00,BTCUSD,SELL,66185.21,66994.79787055516,64566.034258889675,0.01,rejected,0.0,0.0,volatile,-0.25,0.0
2026-02-25T01:40:08.337318+00:00,USDJPY,SELL,155.7,155.97618350739432,155.1476329852113,0.01,rejected,0.0,0.0,normal,-0.24,0.0
2026-02-25T01:41:10.153971+00:00,XAGUSD,BUY,88.383,87.09336042652473,90.96227914695052,0.01,rejected,0.0,0.0,normal,0.36000000000000004,0.0
2026-02-25T01:41:11.045277+00:00,XAUUSD,BUY,5183.83,5151.231488663758,5249.027022672484,0.01,rejected,0.0,0.0,normal,0.36000000000000004,0.0
2026-02-25T01:41:11.905297+00:00,BTCUSD,SELL,66091.21,66900.79787055516,64472.034258889675,0.01,rejected,0.0,0.0,volatile,-0.25,0.0
2026-02-25T01:41:12.734090+00:00,USDJPY,SELL,155.698,155.97418350739434,155.1456329852113,0.01,rejected,0.0,0.0,normal,-0.24,0.0
2026-02-25T01:42:14.410002+00:00,XAGUSD,BUY,88.319,87.02936042652473,90.89827914695053,0.01,rejected,0.0,0.0,normal,0.36000000000000004,0.0
2026-02-25T01:42:15.269597+00:00,XAUUSD,BUY,5183.06,5150.461488663758,5248.257022672485,0.01,rejected,0.0,0.0,normal,0.36000000000000004,0.0
2026-02-25T01:42:16.176500+00:00,BTCUSD,SELL,66018.21,66827.79787055516,64399.034258889675,0.01,rejected,0.0,0.0,volatile,-0.25,0.0
2026-02-25T01:42:17.067798+00:00,USDJPY,SELL,155.667,155.94318350739434,155.1146329852113,0.01,rejected,0.0,0.0,normal,-0.24,0.0
2026-02-25T01:43:19.040347+00:00,XAGUSD,BUY,88.273,86.98336042652473,90.85227914695052,0.01,rejected,0.0,0.0,normal,0.36000000000000004,0.0
2026-02-25T01:43:19.931634+00:00,XAUUSD,BUY,5181.74,5149.141488663758,5246.937022672484,0.01,rejected,0.0,0.0,normal,0.36000000000000004,0.0
2026-02-25T01:43:20.869792+00:00,BTCUSD,SELL,66069.71,66879.29787055516,64450.534258889675,0.01,rejected,0.0,0.0,volatile,-0.25,0.0
2026-02-25T01:43:21.745459+00:00,USDJPY,SELL,155.696,155.97218350739433,155.1436329852113,0.01,rejected,0.0,0.0,normal,-0.24,0.0
2026-02-25T01:44:23.405513+00:00,XAGUSD,BUY,88.183,86.89336042652474,90.76227914695053,0.01,rejected,0.0,0.0,normal,0.36000000000000004,0.0
2026-02-25T01:44:24.234393+00:00,XAUUSD,BUY,5179.58,5146.981488663758,5244.777022672484,0.01,rejected,0.0,0.0,normal,0.36000000000000004,0.0
2026-02-25T01:44:25.109920+00:00,BTCUSD,SELL,65880.71,66690.29787055516,64261.534258889675,0.01,rejected,0.0,0.0,volatile,-0.25,0.0
2026-02-25T01:44:25.985589+00:00,USDJPY,SELL,155.698,155.97418350739434,155.1456329852113,0.01,rejected,0.0,0.0,normal,-0.24,0.0
2026-02-25T01:45:27.629920+00:00,XAGUSD,BUY,88.302,87.01236042652474,90.88127914695053,0.01,rejected,0.0,0.0,normal,0.36000000000000004,0.0
2026-02-25T01:45:28.458700+00:00,XAUUSD,BUY,5182.32,5149.721488663758,5247.517022672484,0.01,rejected,0.0,0.0,normal,0.36000000000000004,0.0
2026-02-25T01:45:29.334286+00:00,BTCUSD,SELL,65867.21,66676.79787055516,64248.034258889675,0.01,rejected,0.0,0.0,volatile,-0.25,0.0
2026-02-25T01:45:30.194328+00:00,USDJPY,SELL,155.675,155.95118350739435,155.1226329852113,0.01,rejected,0.0,0.0,normal,-0.24,0.0
2026-02-25T01:46:31.838231+00:00,XAGUSD,BUY,88.336,87.04636042652473,90.91527914695052,0.01,rejected,0.0,0.0,normal,0.36000000000000004,0.0
2026-02-25T01:46:32.698278+00:00,XAUUSD,BUY,5182.42,5149.821488663758,5247.617022672484,0.01,rejected,0.0,0.0,normal,0.36000000000000004,0.0
2026-02-25T01:46:33.542709+00:00,BTCUSD,SELL,65936.71,66746.29787055516,64317.534258889675,0.01,rejected,0.0,0.0,volatile,-0.25,0.0
2026-02-25T01:46:34.402738+00:00,USDJPY,SELL,155.725,156.00118350739433,155.1726329852113,0.01,rejected,0.0,0.0,normal,-0.24,0.0
2026-02-25T01:47:36.218497+00:00,XAGUSD,BUY,88.353,87.06336042652472,90.93227914695052,0.01,rejected,0.0,0.0,normal,0.36000000000000004,0.0
2026-02-25T01:47:37.062893+00:00,XAUUSD,BUY,5182.22,5149.621488663758,5247.417022672485,0.01,rejected,0.0,0.0,normal,0.36000000000000004,0.0
2026-02-25T01:47:37.922982+00:00,BTCUSD,SELL,65915.21,66724.79787055516,64296.034258889675,0.01,rejected,0.0,0.0,volatile,-0.25,0.0
2026-02-25T01:47:38.767369+00:00,USDJPY,SELL,155.753,156.02918350739432,155.20063298521129,0.01,rejected,0.0,0.0,normal,-0.24,0.0
2026-02-25T01:48:40.380482+00:00,XAGUSD,BUY,88.36,87.07036042652473,90.93927914695053,0.01,rejected,0.0,0.0,normal,0.36000000000000004,0.0
2026-02-25T01:48:41.318687+00:00,XAUUSD,BUY,5184.24,5151.641488663758,5249.437022672484,0.01,rejected,0.0,0.0,normal,0.36000000000000004,0.0
2026-02-25T01:48:42.194332+00:00,BTCUSD,SELL,66053.21,66862.79787055516,64434.034258889675,0.01,rejected,0.0,0.0,volatile,-0.25,0.0
2026-02-25T01:48:43.038754+00:00,USDJPY,SELL,155.739,156.01518350739434,155.1866329852113,0.01,rejected,0.0,0.0,normal,-0.24,0.0
2026-02-25T01:49:44.731284+00:00,XAGUSD,BUY,88.328,87.03836042652473,90.90727914695053,0.01,rejected,0.0,0.0,normal,0.36000000000000004,0.0
2026-02-25T01:49:45.591301+00:00,XAUUSD,BUY,5184.92,5152.321488663758,5250.117022672484,0.01,rejected,0.0,0.0,normal,0.36000000000000004,0.0
2026-02-25T01:49:46.888812+00:00,BTCUSD,SELL,66028.71,66838.29787055516,64409.534258889675,0.01,rejected,0.0,0.0,volatile,-0.25,0.0
2026-02-25T01:49:47.780117+00:00,USDJPY,SELL,155.761,156.03718350739433,155.2086329852113,0.01,rejected,0.0,0.0,normal,-0.24,0.0
2026-02-25T01:50:49.440863+00:00,XAGUSD,BUY,88.273,86.98336042652473,90.85227914695052,0.01,rejected,0.0,0.0,normal,0.36000000000000004,0.0
2026-02-25T01:50:50.285365+00:00,XAUUSD,BUY,5181.31,5148.711488663758,5246.507022672485,0.01,rejected,0.0,0.0,normal,0.36000000000000004,0.0
2026-02-25T01:50:51.161035+00:00,BTCUSD,SELL,65957.21,66766.79787055516,64338.034258889675,0.01,rejected,0.0,0.0,volatile,-0.25,0.0
2026-02-25T01:50:52.005457+00:00,USDJPY,SELL,155.797,156.0741656502515,155.24266869949702,0.01,rejected,0.0,0.0,normal,-0.24,0.0
2026-02-25T01:51:53.603407+00:00,XAGUSD,BUY,88.322,87.03236042652473,90.90127914695053,0.01,rejected,0.0,0.0,normal,0.36000000000000004,0.0
2026-02-25T01:51:54.463471+00:00,XAUUSD,BUY,5182.57,5149.971488663758,5247.767022672484,0.01,rejected,0.0,0.0,normal,0.36000000000000004,0.0
2026-02-25T01:51:55.354725+00:00,BTCUSD,SELL,65957.21,66766.79787055516,64338.034258889675,0.01,rejected,0.0,0.0,volatile,-0.25,0.0
2026-02-25T01:51:56.214772+00:00,USDJPY,SELL,155.81,156.08886207882293,155.25227584235415,0.01,rejected,0.0,0.0,normal,-0.24,0.0
2026-02-25T01:52:57.875204+00:00,XAGUSD,BUY,88.303,87.01336042652473,90.88227914695052,0.01,rejected,0.0,0.0,normal,0.36000000000000004,0.0
2026-02-25T01:52:58.735291+00:00,XAUUSD,BUY,5180.82,5148.221488663758,5246.017022672484,0.01,rejected,0.0,0.0,normal,0.36000000000000004,0.0
2026-02-25T01:52:59.876572+00:00,BTCUSD,SELL,65887.21,66696.79787055516,64268.034258889675,0.01,rejected,0.0,0.0,volatile,-0.25,0.0
2026-02-25T01:53:00.721018+00:00,USDJPY,SELL,155.819,156.0978620788229,155.26127584235414,0.01,rejected,0.0,0.0,normal,-0.24,0.0
2026-02-25T01:54:02.666478+00:00,XAGUSD,BUY,88.4,87.11036042652474,90.97927914695053,0.01,rejected,0.0,0.0,normal,0.36000000000000004,0.0
2026-02-25T01:54:03.510912+00:00,XAUUSD,BUY,5184.08,5151.481488663758,5249.277022672484,0.01,rejected,0.0,0.0,normal,0.36000000000000004,0.0
2026-02-25T01:54:04.386020+00:00,BTCUSD,SELL,65844.71,66654.29787055516,64225.534258889675,0.01,rejected,0.0,0.0,volatile,-0.25,0.0
2026-02-25T01:54:05.246099+00:00,USDJPY,SELL,155.8,156.08002279310864,155.23995441378273,0.01,rejected,0.0,0.0,normal,-0.24,0.0
2026-02-25T01:55:06.877325+00:00,XAGUSD,BUY,88.445,87.15536042652472,91.02427914695052,0.01,rejected,0.0,0.0,normal,0.36000000000000004,0.0
2026-02-25T01:55:07.737401+00:00,XAUUSD,BUY,5183.32,5150.721488663758,5248.517022672484,0.01,rejected,0.0,0.0,normal,0.36000000000000004,0.0
2026-02-25T01:55:08.566173+00:00,BTCUSD,SELL,65945.21,66754.79787055516,64326.034258889675,0.01,rejected,0.0,0.0,volatile,-0.25,0.0
2026-02-25T01:55:09.441854+00:00,USDJPY,SELL,155.797,156.07702279310863,155.2369544137827,0.01,rejected,0.0,0.0,normal,-0.24,0.0
2026-02-25T01:56:11.102975+00:00,XAGUSD,BUY,88.337,87.04736042652473,90.91627914695053,0.01,rejected,0.0,0.0,normal,0.36000000000000004,0.0
2026-02-25T01:56:11.947502+00:00,XAUUSD,BUY,5180.37,5147.771488663758,5245.567022672484,0.01,rejected,0.0,0.0,normal,0.36000000000000004,0.0
2026-02-25T01:56:12.791806+00:00,BTCUSD,SELL,65917.21,66726.79787055516,64298.034258889675,0.01,rejected,0.0,0.0,volatile,-0.25,0.0
2026-02-25T01:56:13.667475+00:00,USDJPY,SELL,155.821,156.10102279310863,155.2609544137827,0.01,rejected,0.0,0.0,normal,-0.24,0.0
2026-02-25T01:57:15.266638+00:00,XAGUSD,BUY,88.289,86.99936042652473,90.86827914695053,0.01,rejected,0.0,0.0,normal,0.36000000000000004,0.0
2026-02-25T01:57:16.095406+00:00,XAUUSD,BUY,5179.21,5146.611488663758,5244.407022672484,0.01,rejected,0.0,0.0,normal,0.36000000000000004,0.0
2026-02-25T01:57:16.939792+00:00,BTCUSD,SELL,65877.21,66686.79787055516,64258.034258889675,0.01,rejected,0.0,0.0,volatile,-0.25,0.0
2026-02-25T01:57:17.799866+00:00,USDJPY,SELL,155.812,156.09202279310864,155.25195441378273,0.01,rejected,0.0,0.0,normal,-0.24,0.0
2026-02-25T01:58:19.413976+00:00,XAGUSD,BUY,88.306,87.01636042652473,90.88527914695052,0.01,rejected,0.0,0.0,normal,0.36000000000000004,0.0
2026-02-25T01:58:20.258415+00:00,XAUUSD,BUY,5177.45,5144.851488663758,5242.647022672484,0.01,rejected,0.0,0.0,normal,0.36000000000000004,0.0
2026-02-25T01:58:21.180952+00:00,BTCUSD,SELL,65972.21,66781.79787055516,64353.034258889675,0.01,rejected,0.0,0.0,volatile,-0.25,0.0
2026-02-25T01:58:22.009785+00:00,USDJPY,SELL,155.805,156.08502279310864,155.24495441378272,0.01,rejected,0.0,0.0,normal,-0.24,0.0
2026-02-25T01:59:23.608437+00:00,XAGUSD,BUY,88.253,86.96336042652473,90.83227914695053,0.01,rejected,0.0,0.0,normal,0.36000000000000004,0.0
2026-02-25T01:59:24.452890+00:00,XAUUSD,BUY,5174.9,5142.3014886637575,5240.097022672484,0.01,rejected,0.0,0.0,normal,0.36000000000000004,0.0
2026-02-25T01:59:25.312873+00:00,BTCUSD,SELL,65891.71,66701.29787055516,64272.534258889675,0.01,rejected,0.0,0.0,volatile,-0.25,0.0
2026-02-25T01:59:26.141682+00:00,USDJPY,SELL,155.784,156.06402279310862,155.2239544137827,0.01,rejected,0.0,0.0,normal,-0.24,0.0
2026-02-25T02:00:27.176869+00:00,EURUSD,BUY,1.17782,1.1767389689690637,1.1799820620618726,0.02,rejected,0.0,0.0,quiet,0.36000000000000004,0.0
2026-02-25T02:00:28.803282+00:00,XAUUSD,BUY,5176.83,5146.373346616347,5237.743306767307,0.01,rejected,0.0,0.0,normal,0.24,0.0
2026-02-25T02:00:29.647654+00:00,BTCUSD,SELL,65995.21,66767.63980837265,64450.3503832547,0.01,rejected,0.0,0.0,volatile,-0.25,0.0
2026-02-25T10:47:15.701708+00:00,XAUUSD,SELL,5175.886,5204.164137320225,5119.329725359551,0.01,rejected,0.0,0.0,normal,-0.36000000000000004,0.0
2026-02-25T10:47:21.477480+00:00,USDJPY,SELL,156.707,157.05565289899275,156.00969420201446,0.01,rejected,0.0,0.0,normal,-0.25,0.0
2026-02-25T10:48:32.147016+00:00,XAUUSD,SELL,5175.246,5203.524137320224,5118.689725359551,0.01,rejected,0.0,0.0,normal,-0.36000000000000004,0.0
2026-02-25T10:48:37.300035+00:00,USDJPY,SELL,156.729,157.0813136132785,156.02437277344305,0.01,rejected,0.0,0.0,normal,-0.25,0.0
2026-02-25T10:49:47.582916+00:00,XAUUSD,SELL,5175.28,5203.558137320224,5118.72372535955,0.01,rejected,0.0,0.0,normal,-0.36000000000000004,0.0
2026-02-25T10:49:52.965517+00:00,USDJPY,SELL,156.735,157.0873136132785,156.03037277344305,0.01,rejected,0.0,0.0,normal,-0.25,0.0
2026-02-25T10:51:03.893957+00:00,XAUUSD,SELL,5175.606,5203.884137320224,5119.04972535955,0.01,rejected,0.0,0.0,normal,-0.36000000000000004,0.0
2026-02-25T10:51:09.404990+00:00,USDJPY,SELL,156.759,157.11140289899274,156.05419420201446,0.01,rejected,0.0,0.0,normal,-0.25,0.0
2026-02-25T10:52:19.891107+00:00,XAUUSD,SELL,5175.062,5203.340137320224,5118.5057253595505,0.01,rejected,0.0,0.0,normal,-0.36000000000000004,0.0
2026-02-25T10:52:25.128108+00:00,USDJPY,SELL,156.768,157.12120647042133,156.06158705915735,0.01,rejected,0.0,0.0,normal,-0.25,0.0
2026-02-25T11:02:52.856013+00:00,USDJPY,SELL,156.767,157.09970957967695,156.10158084064608,0.01,rejected,0.0,0.0,normal,-0.25,0.0
2026-02-25T11:28:49.901096+00:00,USDJPY,SELL,156.791,157.12674529396267,156.11950941207465,0.01,rejected,0.0,0.0,normal,-0.25,0.0
2026-02-25T11:30:07.713499+00:00,USDJPY,SELL,156.79,157.12574529396267,156.11850941207464,0.01,rejected,0.0,0.0,normal,-0.25,0.0
2026-02-25T11:31:22.718364+00:00,USDJPY,SELL,156.762,157.09774529396267,156.09050941207465,0.01,rejected,0.0,0.0,normal,-0.25,0.0
2026-02-25T11:32:37.818503+00:00,USDJPY,SELL,156.756,157.09174529396267,156.08450941207465,0.01,rejected,0.0,0.0,normal,-0.25,0.0
2026-02-25T11:33:53.836298+00:00,USDJPY,SELL,156.778,157.11374529396267,156.10650941207464,0.01,rejected,0.0,0.0,normal,-0.25,0.0
2026-02-25T11:35:10.362837+00:00,USDJPY,SELL,156.766,157.10174529396267,156.09450941207464,0.01,rejected,0.0,0.0,normal,-0.25,0.0
2026-02-25T11:36:25.427051+00:00,USDJPY,SELL,156.764,157.09974529396268,156.09250941207466,0.01,rejected,0.0,0.0,normal,-0.25,0.0
2026-02-25T11:37:40.694638+00:00,USDJPY,SELL,156.78,157.11574529396268,156.10850941207465,0.01,rejected,0.0,0.0,normal,-0.25,0.0
2026-02-25T11:38:55.542557+00:00,USDJPY,SELL,156.782,157.11774529396268,156.11050941207466,0.01,rejected,0.0,0.0,normal,-0.25,0.0
2026-02-25T11:40:13.780952+00:00,USDJPY,SELL,156.781,157.11674529396268,156.10950941207466,0.01,rejected,0.0,0.0,normal,-0.25,0.0
2026-02-25T11:41:29.018256+00:00,USDJPY,SELL,156.787,157.12274529396268,156.11550941207466,0.01,rejected,0.0,0.0,normal,-0.25,0.0
2026-02-25T11:42:44.025549+00:00,USDJPY,SELL,156.767,157.10274529396267,156.09550941207465,0.01,rejected,0.0,0.0,normal,-0.25,0.0
2026-02-25T11:43:59.008556+00:00,USDJPY,SELL,156.792,157.12774529396268,156.12050941207465,0.01,rejected,0.0,0.0,normal,-0.25,0.0
2026-02-25T11:45:14.671585+00:00,USDJPY,SELL,156.812,157.1481024368198,156.13979512636038,0.01,rejected,0.0,0.0,normal,-0.25,0.0
2026-02-25T11:46:29.597794+00:00,USDJPY,SELL,156.798,157.13437029396266,156.12525941207466,0.01,rejected,0.0,0.0,normal,-0.25,0.0
2026-02-25T11:47:44.664452+00:00,USDJPY,SELL,156.79,157.12637029396265,156.11725941207465,0.01,rejected,0.0,0.0,normal,-0.25,0.0
2026-02-25T11:48:59.982120+00:00,USDJPY,SELL,156.79,157.12637029396265,156.11725941207465,0.01,rejected,0.0,0.0,normal,-0.25,0.0
2026-02-25T11:50:15.600696+00:00,USDJPY,SELL,156.797,157.13337029396266,156.12425941207465,0.01,rejected,0.0,0.0,normal,-0.25,0.0
2026-02-25T11:51:30.798329+00:00,USDJPY,SELL,156.791,157.12737029396266,156.11825941207465,0.01,rejected,0.0,0.0,normal,-0.25,0.0
2026-02-25T11:52:45.730373+00:00,USDJPY,SELL,156.775,157.11137029396266,156.10225941207466,0.01,rejected,0.0,0.0,normal,-0.25,0.0
2026-02-25T11:54:00.680316+00:00,USDJPY,SELL,156.765,157.10137029396265,156.09225941207464,0.01,rejected,0.0,0.0,normal,-0.25,0.0
2026-02-25T11:55:17.172332+00:00,USDJPY,SELL,156.767,157.10337029396266,156.09425941207465,0.01,rejected,0.0,0.0,normal,-0.25,0.0
2026-02-25T11:56:32.114320+00:00,USDJPY,SELL,156.763,157.09937029396266,156.09025941207466,0.01,rejected,0.0,0.0,normal,-0.25,0.0
2026-02-25T11:57:46.665704+00:00,USDJPY,SELL,156.782,157.11837029396267,156.10925941207466,0.01,rejected,0.0,0.0,normal,-0.25,0.0
2026-02-25T11:59:01.780023+00:00,USDJPY,SELL,156.814,157.1507274368198,156.14054512636037,0.01,rejected,0.0,0.0,normal,-0.25,0.0
2026-02-25T12:00:12.851610+00:00,EURUSD,SELL,1.17743,1.1785517688982121,1.1751864622035757,0.02,rejected,0.0,0.0,quiet,-0.24,0.0
2026-02-25T12:00:30.160236+00:00,USDJPY,SELL,156.771,157.08635404847553,156.1402919030489,0.01,rejected,0.0,0.0,normal,-0.25,0.0
2026-02-25T12:01:36.095186+00:00,EURUSD,SELL,1.17753,1.178665161755355,1.1752596764892902,0.02,rejected,0.0,0.0,quiet,-0.24,0.0
2026-02-25T12:01:46.214246+00:00,USDJPY,SELL,156.765,157.08213976276124,156.13072047447747,0.01,rejected,0.0,0.0,normal,-0.25,0.0
2026-02-25T12:02:51.512827+00:00,EURUSD,SELL,1.17759,1.1787260546124978,1.1753178907750044,0.02,rejected,0.0,0.0,quiet,-0.24,0.0
2026-02-25T12:03:02.477953+00:00,USDJPY,SELL,156.739,157.0564969056184,156.1040061887632,0.01,rejected,0.0,0.0,normal,-0.15,0.0
2026-02-25T12:04:08.039422+00:00,EURUSD,SELL,1.17767,1.1788149831839263,1.1753800336321472,0.02,rejected,0.0,0.0,quiet,-0.24,0.0
2026-02-25T12:04:18.140427+00:00,USDJPY,SELL,156.742,157.06074690561837,156.1045061887632,0.01,rejected,0.0,0.0,normal,-0.15,0.0
2026-02-25T12:05:23.131424+00:00,EURUSD,SELL,1.17778,1.1789321260410692,1.1754757479178617,0.02,rejected,0.0,0.0,quiet,-0.24,0.0
2026-02-25T12:05:32.205733+00:00,USDJPY,SELL,156.731,157.04974690561838,156.0935061887632,0.01,rejected,0.0,0.0,normal,-0.15,0.0
2026-02-25T12:06:37.190854+00:00,EURUSD,SELL,1.17785,1.1790092688982121,1.175531462203576,0.02,rejected,0.0,0.0,quiet,-0.24,0.0
2026-02-25T12:06:46.457853+00:00,USDJPY,SELL,156.716,157.03572904847556,156.07654190304893,0.01,rejected,0.0,0.0,normal,-0.15,0.0
2026-02-25T12:07:51.255116+00:00,EURUSD,SELL,1.17779,1.1789519474696406,1.1754661050607185,0.02,rejected,0.0,0.0,quiet,-0.24,0.0
2026-02-25T12:08:00.351511+00:00,USDJPY,SELL,156.721,157.04108619133268,156.08082761733465,0.01,rejected,0.0,0.0,normal,-0.15,0.0
2026-02-25T12:09:05.366803+00:00,EURUSD,SELL,1.17787,1.1790319474696407,1.1755461050607185,0.02,rejected,0.0,0.0,quiet,-0.24,0.0
2026-02-25T12:09:14.418387+00:00,USDJPY,SELL,156.714,157.03408619133268,156.07382761733464,0.01,rejected,0.0,0.0,normal,-0.15,0.0
2026-02-25T12:10:19.155517+00:00,EURUSD,SELL,1.17794,1.1791090903267836,1.175601819346433,0.02,rejected,0.0,0.0,quiet,-0.24,0.0
2026-02-25T12:11:32.893990+00:00,EURUSD,SELL,1.17795,1.179122661755355,1.1756046764892902,0.02,rejected,0.0,0.0,quiet,-0.24,0.0
2026-02-25T12:11:42.051464+00:00,USDJPY,SELL,156.728,157.05147904847556,156.08104190304894,0.01,rejected,0.0,0.0,normal,-0.15,0.0
2026-02-25T12:12:46.858351+00:00,EURUSD,SELL,1.17798,1.179152661755355,1.1756346764892902,0.02,rejected,0.0,0.0,quiet,-0.24,0.0
2026-02-25T12:14:02.158882+00:00,EURUSD,SELL,1.1780599999999999,1.1792389117553548,1.17570217648929,0.02,rejected,0.0,0.0,quiet,-0.24,0.0
2026-02-25T12:14:11.237670+00:00,USDJPY,SELL,156.722,157.04547904847556,156.07504190304894,0.01,rejected,0.0,0.0,normal,-0.15,0.0
2026-02-25T12:15:16.019401+00:00,EURUSD,SELL,1.17812,1.179304268898212,1.1757514622035758,0.02,rejected,0.0,0.0,quiet,-0.24,0.0
2026-02-25T12:15:25.312628+00:00,USDJPY,SELL,156.719,157.04247904847554,156.07204190304893,0.01,rejected,0.0,0.0,normal,-0.15,0.0
2026-02-25T12:16:29.787002+00:00,EURUSD,SELL,1.17809,1.179274268898212,1.1757214622035759,0.02,rejected,0.0,0.0,quiet,-0.24,0.0
2026-02-25T12:16:38.647562+00:00,USDJPY,SELL,156.72,157.04347904847555,156.07304190304893,0.01,rejected,0.0,0.0,normal,-0.15,0.0
2026-02-25T12:17:43.197025+00:00,EURUSD,SELL,1.17809,1.179274268898212,1.1757214622035759,0.02,rejected,0.0,0.0,quiet,-0.24,0.0
2026-02-25T12:17:52.242602+00:00,USDJPY,SELL,156.72,157.04347904847555,156.07304190304893,0.01,rejected,0.0,0.0,normal,-0.15,0.0
2026-02-25T12:18:56.934139+00:00,EURUSD,SELL,1.17815,1.1793378403267836,1.175774319346433,0.02,rejected,0.0,0.0,quiet,-0.24,0.0
2026-02-25T12:20:11.072662+00:00,EURUSD,SELL,1.1782,1.1793914117553548,1.17581717648929,0.02,rejected,0.0,0.0,quiet,-0.24,0.0
2026-02-25T12:25:33.710091+00:00,EURUSD,SELL,1.17819,1.1793840903267836,1.175801819346433,0.02,rejected,0.0,0.0,quiet,-0.24,0.0
2026-02-25T12:27:49.742078+00:00,EURUSD,SELL,1.1783299999999999,1.179533018898212,1.1759239622035758,0.02,rejected,0.0,0.0,quiet,-0.24,0.0
2026-02-25T13:50:09.280902+00:00,BTCUSD,SELL,66578.59,67308.67592515085,65118.418149698286,0.01,rejected,0.0,0.0,normal,-0.25,0.0
2026-02-25T14:17:05.843938+00:00,BTCUSD,SELL,66525.62,67238.40603764007,65100.04792471984,0.01,rejected,0.0,0.0,normal,-0.25,0.0
2026-02-25T14:20:46.610604+00:00,BTCUSD,SELL,66526.14,67238.92603764008,65100.56792471984,0.01,rejected,0.0,0.0,normal,-0.25,0.0
2026-02-25T14:22:00.643530+00:00,BTCUSD,SELL,66523.05,67235.83603764008,65097.477924719846,0.01,rejected,0.0,0.0,normal,-0.25,0.0
2026-02-25T14:23:15.170751+00:00,BTCUSD,SELL,66524.05,67236.83603764008,65098.477924719846,0.01,rejected,0.0,0.0,normal,-0.25,0.0
2026-02-25T14:24:29.079308+00:00,BTCUSD,SELL,66538.26,67251.04603764007,65112.68792471984,0.01,rejected,0.0,0.0,normal,-0.25,0.0
2026-02-25T14:25:42.974984+00:00,BTCUSD,SELL,66546.18,67258.96603764007,65120.607924719836,0.01,rejected,0.0,0.0,normal,-0.25,0.0
2026-02-25T14:26:58.826215+00:00,BTCUSD,SELL,66560.87,67273.83728764007,65134.935424719835,0.01,rejected,0.0,0.0,normal,-0.25,0.0
2026-02-25T14:28:16.377822+00:00,BTCUSD,SELL,66590.82,67305.9480019258,65160.56399614842,0.01,rejected,0.0,0.0,normal,-0.25,0.0
2026-02-25T14:29:31.009114+00:00,BTCUSD,SELL,66572.83,67287.9580019258,65142.573996148414,0.01,rejected,0.0,0.0,normal,-0.25,0.0
2026-02-25T14:30:44.920665+00:00,BTCUSD,SELL,66578.63,67293.7580019258,65148.37399614842,0.01,rejected,0.0,0.0,normal,-0.25,0.0
2026-02-25T14:31:54.598611+00:00,XAGUSD,SELL,90.186,91.3094840014914,87.93903199701721,0.01,rejected,0.0,0.0,volatile,-0.36000000000000004,0.0
2026-02-25T14:31:59.584501+00:00,BTCUSD,SELL,66587.15,67302.27800192579,65156.89399614841,0.01,rejected,0.0,0.0,normal,-0.25,0.0
2026-02-25T14:33:15.169858+00:00,BTCUSD,SELL,66580.56,67311.02550192579,65119.628996148414,0.01,rejected,0.0,0.0,normal,-0.25,0.0
2026-02-25T14:34:29.348687+00:00,BTCUSD,SELL,66534.53,67264.99550192579,65073.598996148416,0.01,rejected,0.0,0.0,normal,-0.25,0.0
2026-02-25T14:35:39.463067+00:00,XAGUSD,SELL,90.126,91.2494840014914,87.87903199701721,0.01,rejected,0.0,0.0,volatile,-0.36000000000000004,0.0
2026-02-25T14:36:53.985733+00:00,XAGUSD,SELL,89.664,90.83132328720568,87.32935342558864,0.01,rejected,0.0,0.0,normal,-0.36000000000000004,0.0
2026-02-25T14:38:09.526049+00:00,XAGUSD,SELL,89.401,90.58162685863425,87.03974628273149,0.01,rejected,0.0,0.0,normal,-0.36000000000000004,0.0
2026-02-25T14:39:23.658949+00:00,XAGUSD,SELL,89.657,90.83905543006283,87.29288913987435,0.01,rejected,0.0,0.0,normal,-0.36000000000000004,0.0
2026-02-25T14:40:37.494055+00:00,XAGUSD,SELL,89.702,90.88405543006283,87.33788913987435,0.01,rejected,0.0,0.0,normal,-0.36000000000000004,0.0
2026-02-25T14:40:46.605967+00:00,USOIL,SELL,65.482,65.96512586756035,64.5157482648793,0.01,rejected,0.0,0.0,normal,-0.36000000000000004,0.0
2026-02-25T14:41:51.438797+00:00,XAGUSD,SELL,89.77,90.95205543006283,87.40588913987435,0.01,rejected,0.0,0.0,normal,-0.36000000000000004,0.0
2026-02-25T14:43:05.915217+00:00,XAGUSD,SELL,89.953,91.13505543006283,87.58888913987435,0.01,rejected,0.0,0.0,normal,-0.36000000000000004,0.0
2026-02-25T14:43:15.121329+00:00,USOIL,SELL,65.433,65.92594729613178,64.44710540773646,0.01,rejected,0.0,0.0,normal,-0.36000000000000004,0.0
2026-02-25T14:44:19.938201+00:00,XAGUSD,SELL,90.15,91.33205543006284,87.78588913987436,0.01,rejected,0.0,0.0,normal,-0.36000000000000004,0.0
2026-02-25T14:44:28.972525+00:00,USOIL,SELL,65.417,65.90994729613178,64.43110540773645,0.01,rejected,0.0,0.0,normal,-0.36000000000000004,0.0
2026-02-25T14:45:42.403538+00:00,USOIL,SELL,65.431,65.92394729613177,64.44510540773645,0.01,rejected,0.0,0.0,normal,-0.36000000000000004,0.0
2026-02-25T14:46:51.549692+00:00,BTCUSD,SELL,66496.25,67226.75657335436,65035.236853291266,0.01,rejected,0.0,0.0,normal,-0.25,0.0
2026-02-25T14:46:56.347918+00:00,USOIL,SELL,65.412,65.90494729613178,64.42610540773646,0.01,rejected,0.0,0.0,normal,-0.36000000000000004,0.0
2026-02-25T14:48:07.164919+00:00,BTCUSD,SELL,66713.41,67448.95228764009,65242.32542471984,0.01,rejected,0.0,0.0,normal,-0.25,0.0
2026-02-25T14:48:12.103906+00:00,USOIL,SELL,65.445,65.93794729613177,64.45910540773644,0.01,rejected,0.0,0.0,normal,-0.36000000000000004,0.0
2026-02-25T14:49:21.718901+00:00,BTCUSD,SELL,66715.07,67450.61228764009,65243.985424719845,0.01,rejected,0.0,0.0,normal,-0.25,0.0
2026-02-25T14:49:26.673480+00:00,USOIL,SELL,65.455,65.94794729613177,64.46910540773645,0.01,rejected,0.0,0.0,normal,-0.36000000000000004,0.0
2026-02-25T14:50:31.678711+00:00,XAGUSD,SELL,90.193,91.37505543006283,87.82888913987435,0.01,rejected,0.0,0.0,normal,-0.36000000000000004,0.0
2026-02-25T14:50:36.430048+00:00,BTCUSD,SELL,66832.35,67571.29943049722,65354.451139005556,0.01,rejected,0.0,0.0,normal,-0.25,0.0
2026-02-25T14:50:41.290851+00:00,USOIL,SELL,65.352,65.84619729613178,64.36360540773646,0.01,rejected,0.0,0.0,normal,-0.36000000000000004,0.0
2026-02-25T14:51:50.468571+00:00,BTCUSD,SELL,66795.78,67535.10264478294,65317.134710434126,0.01,rejected,0.0,0.0,normal,-0.25,0.0
2026-02-25T14:51:55.438752+00:00,USOIL,SELL,65.406,65.90019729613178,64.41760540773646,0.01,rejected,0.0,0.0,normal,-0.36000000000000004,0.0
2026-02-25T14:53:07.053879+00:00,BTCUSD,SELL,66705.7,67446.79228764008,65223.51542471984,0.01,rejected,0.0,0.0,normal,-0.25,0.0
2026-02-25T14:53:11.930407+00:00,USOIL,SELL,65.372,65.86619729613177,64.38360540773645,0.01,rejected,0.0,0.0,normal,-0.36000000000000004,0.0
2026-02-25T14:54:21.062624+00:00,BTCUSD,SELL,66692.84,67433.93228764008,65210.65542471984,0.01,rejected,0.0,0.0,normal,-0.25,0.0
2026-02-25T14:54:26.048247+00:00,USOIL,SELL,65.283,65.78434015327463,64.28031969345074,0.01,rejected,0.0,0.0,normal,-0.36000000000000004,0.0
2026-02-25T14:55:35.477173+00:00,BTCUSD,SELL,66752.2,67493.29228764008,65270.01542471984,0.01,rejected,0.0,0.0,normal,-0.25,0.0
2026-02-25T14:55:40.306787+00:00,USOIL,SELL,65.394,65.89534015327463,64.39131969345074,0.01,rejected,0.0,0.0,normal,-0.36000000000000004,0.0
2026-02-25T14:56:49.469720+00:00,BTCUSD,SELL,66793.05,67534.14228764009,65310.86542471984,0.01,rejected,0.0,0.0,normal,-0.25,0.0
2026-02-25T14:56:54.314927+00:00,USOIL,SELL,65.401,65.90234015327462,64.39831969345073,0.01,rejected,0.0,0.0,normal,-0.36000000000000004,0.0
2026-02-25T14:58:04.243704+00:00,BTCUSD,SELL,66880.19,67621.28228764009,65398.00542471984,0.01,rejected,0.0,0.0,normal,-0.25,0.0
2026-02-25T14:58:09.041462+00:00,USOIL,SELL,65.31,65.81134015327463,64.30731969345074,0.01,rejected,0.0,0.0,normal,-0.36000000000000004,0.0
2026-02-25T14:59:18.250739+00:00,BTCUSD,SELL,66843.47,67591.55514478293,65347.29971043413,0.01,rejected,0.0,0.0,normal,-0.25,0.0
2026-02-25T14:59:23.064673+00:00,USOIL,SELL,65.295,65.79741158184606,64.29017683630788,0.01,rejected,0.0,0.0,normal,-0.36000000000000004,0.0
2026-02-25T15:00:30.195967+00:00,XAUUSD,BUY,5194.348,5168.291593598858,5246.460812802285,0.01,rejected,0.0,0.0,normal,0.36000000000000004,0.0
2026-02-25T15:00:32.868620+00:00,BTCUSD,SELL,67038.27,67746.92253240048,65620.96493519904,0.01,rejected,0.0,0.0,normal,-0.25,0.0
2026-02-25T15:01:44.188216+00:00,XAUUSD,BUY,5193.287,5167.175861456,5245.509277087999,0.01,rejected,0.0,0.0,normal,0.36000000000000004,0.0
2026-02-25T15:01:46.907725+00:00,BTCUSD,SELL,67145.73,67862.39860382905,65712.39279234188,0.01,rejected,0.0,0.0,normal,-0.25,0.0
2026-02-25T15:02:58.555231+00:00,XAUUSD,BUY,5196.371,5170.021111456001,5249.070777087999,0.01,rejected,0.0,0.0,normal,0.36000000000000004,0.0
2026-02-25T15:03:01.402267+00:00,BTCUSD,SELL,67112.35,67829.3194966862,65678.41100662762,0.01,rejected,0.0,0.0,normal,-0.25,0.0
2026-02-25T15:04:13.600275+00:00,XAUUSD,BUY,5197.448,5171.06141502743,5250.221169945143,0.01,rejected,0.0,0.0,normal,0.36000000000000004,0.0
2026-02-25T15:04:16.319861+00:00,BTCUSD,SELL,67202.41,67925.85806811477,65755.51386377047,0.01,rejected,0.0,0.0,normal,-0.25,0.0
2026-02-25T15:05:28.310629+00:00,XAUUSD,BUY,5196.503,5169.817397170285,5249.874205659427,0.01,rejected,0.0,0.0,normal,0.36000000000000004,0.0
2026-02-25T15:05:31.436594+00:00,BTCUSD,SELL,67019.9,67743.34806811476,65573.00386377046,0.01,rejected,0.0,0.0,normal,-0.25,0.0
2026-02-25T15:06:43.255536+00:00,XAUUSD,BUY,5201.754,5174.9567007417145,5255.348598516571,0.01,rejected,0.0,0.0,normal,0.36000000000000004,0.0
2026-02-25T15:06:46.396921+00:00,BTCUSD,SELL,66865.58,67599.69771097192,65397.34457805618,0.01,rejected,0.0,0.0,normal,-0.25,0.0
2026-02-25T15:08:00.762765+00:00,XAUUSD,BUY,5199.02,5172.210468598858,5252.6390628022855,0.01,rejected,0.0,0.0,normal,0.36000000000000004,0.0
2026-02-25T15:08:04.232222+00:00,BTCUSD,SELL,66841.08,67578.35038954334,65366.53922091332,0.01,rejected,0.0,0.0,normal,-0.25,0.0
2026-02-25T15:09:16.035529+00:00,XAUUSD,BUY,5196.387,5169.577468598857,5250.006062802285,0.01,rejected,0.0,0.0,normal,0.36000000000000004,0.0
2026-02-25T15:09:19.286297+00:00,BTCUSD,SELL,66847.34,67585.24788954333,65371.524220913314,0.01,rejected,0.0,0.0,normal,-0.25,0.0
2026-02-25T15:10:28.782954+00:00,XAGUSD,SELL,90.433,91.56401575648691,88.17096848702619,0.01,rejected,0.0,0.0,normal,-0.36000000000000004,0.0
2026-02-25T15:10:31.691306+00:00,XAUUSD,BUY,5194.318,5167.508468598858,5247.937062802285,0.01,rejected,0.0,0.0,normal,0.36000000000000004,0.0
2026-02-25T15:10:34.743472+00:00,BTCUSD,SELL,66789.38,67529.38788954334,65309.364220913325,0.01,rejected,0.0,0.0,normal,-0.25,0.0
2026-02-25T15:11:44.367676+00:00,XAGUSD,SELL,90.339,91.49099789934405,88.03500420131189,0.01,rejected,0.0,0.0,normal,-0.36000000000000004,0.0
2026-02-25T15:11:47.305214+00:00,XAUUSD,BUY,5193.331,5166.502629313143,5246.987741373714,0.01,rejected,0.0,0.0,normal,0.36000000000000004,0.0
2026-02-25T15:11:50.082174+00:00,BTCUSD,SELL,66851.4,67591.40788954333,65371.384220913314,0.01,rejected,0.0,0.0,normal,-0.25,0.0
2026-02-25T15:12:59.659671+00:00,XAGUSD,SELL,90.198,91.35017647077262,87.89364705845475,0.01,rejected,0.0,0.0,normal,-0.36000000000000004,0.0
2026-02-25T15:13:03.075277+00:00,XAUUSD,BUY,5190.974,5164.145629313143,5244.630741373714,0.01,rejected,0.0,0.0,normal,0.36000000000000004,0.0
2026-02-25T15:13:05.803480+00:00,BTCUSD,SELL,66835.02,67575.02788954334,65355.004220913324,0.01,rejected,0.0,0.0,normal,-0.25,0.0
2026-02-25T15:14:16.186635+00:00,XAGUSD,SELL,90.23,91.3954800422012,87.89903991559761,0.01,rejected,0.0,0.0,normal,-0.36000000000000004,0.0
2026-02-25T15:14:19.196688+00:00,XAUUSD,BUY,5193.068,5166.239629313143,5246.724741373714,0.01,rejected,0.0,0.0,normal,0.36000000000000004,0.0
2026-02-25T15:14:22.145783+00:00,BTCUSD,SELL,66857.76,67597.76788954333,65377.744220913315,0.01,rejected,0.0,0.0,normal,-0.25,0.0
2026-02-26T02:08:53.306561+00:00,USDJPY,BUY,155.791,155.51879180302078,156.33541639395844,0.01,rejected,0.0,0.0,quiet,0.15,0.0
2026-02-26T02:10:07.335475+00:00,USDJPY,BUY,155.772,155.49979180302077,156.31641639395843,0.01,rejected,0.0,0.0,quiet,0.15,0.0
2026-02-26T02:11:21.171968+00:00,USDJPY,BUY,155.761,155.48879180302077,156.30541639395844,0.01,rejected,0.0,0.0,quiet,0.15,0.0
2026-02-26T02:12:35.101730+00:00,USDJPY,BUY,155.758,155.4857918030208,156.30241639395845,0.01,rejected,0.0,0.0,quiet,0.15,0.0
2026-02-26T02:13:48.847357+00:00,USDJPY,BUY,155.782,155.5097918030208,156.32641639395845,0.01,rejected,0.0,0.0,quiet,0.15,0.0
2026-02-26T04:02:45.759029+00:00,USDJPY,BUY,155.952,155.68370295406237,156.48859409187526,0.01,rejected,0.0,0.0,quiet,0.0,0.0
2026-02-26T04:06:16.539702+00:00,USDJPY,BUY,155.925,155.6559886683481,156.46302266330383,0.01,rejected,0.0,0.0,quiet,0.0,0.0
2026-02-26T04:07:30.447740+00:00,USDJPY,BUY,155.905,155.63456009691953,156.44587980616097,0.01,rejected,0.0,0.0,quiet,0.0,0.0
2026-02-26T04:08:45.293780+00:00,USDJPY,BUY,155.909,155.63820295406236,156.45059409187525,0.01,rejected,0.0,0.0,quiet,0.0,0.0
2026-02-26T04:09:59.462601+00:00,USDJPY,BUY,155.925,155.65402438263382,156.4669512347324,0.01,rejected,0.0,0.0,quiet,0.0,0.0
2026-02-26T04:11:13.900499+00:00,USDJPY,BUY,155.999,155.72347081120523,156.55005837758952,0.01,rejected,0.0,0.0,quiet,0.0,0.0
2026-02-26T04:12:27.820531+00:00,USDJPY,BUY,156.022,155.74513152549093,156.5757369490181,0.01,rejected,0.0,0.0,quiet,0.0,0.0
2026-02-26T04:13:41.597877+00:00,USDJPY,BUY,155.997,155.7199529540624,156.55109409187526,0.01,rejected,0.0,0.0,quiet,0.0,0.0
2026-02-26T04:14:55.456661+00:00,USDJPY,BUY,155.998,155.72095295406237,156.55209409187523,0.01,rejected,0.0,0.0,quiet,0.0,0.0
2026-02-26T04:16:09.256451+00:00,USDJPY,BUY,156.013,155.73595295406238,156.56709409187525,0.01,rejected,0.0,0.0,quiet,0.0,0.0
2026-02-26T04:17:23.186224+00:00,USDJPY,BUY,156.014,155.73597081120525,156.57005837758953,0.01,rejected,0.0,0.0,quiet,0.0,0.0
2026-02-26T04:18:37.561975+00:00,USDJPY,BUY,156.025,155.74697081120524,156.58105837758953,0.01,rejected,0.0,0.0,quiet,0.0,0.0
2026-02-26T04:19:51.534988+00:00,USDJPY,BUY,156.037,155.75888152549095,156.59323694901812,0.01,rejected,0.0,0.0,quiet,0.0,0.0
2026-02-26T04:21:05.718508+00:00,USDJPY,BUY,156.006,155.72779223977668,156.56241552044668,0.01,rejected,0.0,0.0,quiet,0.0,0.0
2026-02-26T04:22:19.783038+00:00,USDJPY,BUY,156.01,155.73179223977667,156.56641552044667,0.01,rejected,0.0,0.0,quiet,0.0,0.0
2026-02-26T04:25:48.128391+00:00,USDJPY,BUY,155.99,155.71179223977668,156.5464155204467,0.01,sent,0.0,0.0,quiet,0.0,0.0
2026-02-26T04:27:06.676308+00:00,USDJPY,BUY,156.001,155.72279223977668,156.55741552044668,0.01,sent,0.0,0.0,quiet,0.0,0.0
2026-02-26T04:28:24.488953+00:00,USDJPY,BUY,156.013,155.73479223977668,156.56941552044668,0.01,sent,0.0,0.0,quiet,0.0,0.0
2026-02-26T04:29:42.450759+00:00,USDJPY,BUY,156.033,155.75479223977666,156.58941552044666,0.01,sent,0.0,0.0,quiet,0.0,0.0
2026-02-26T04:31:00.405382+00:00,USDJPY,BUY,156.083,155.7996136683481,156.64977266330382,0.01,sent,0.0,0.0,quiet,0.0,0.0
2026-02-26T04:32:19.228466+00:00,USDJPY,BUY,156.038,155.7546136683481,156.60477266330383,0.01,sent,0.0,0.0,quiet,0.0,0.0
2026-02-26T04:33:37.042201+00:00,USDJPY,BUY,156.047,155.76361366834809,156.61377266330382,0.01,sent,0.0,0.0,quiet,0.0,0.0
2026-02-26T04:34:54.691210+00:00,USDJPY,BUY,156.015,155.73161366834807,156.5817726633038,0.01,sent,0.0,0.0,quiet,0.0,0.0
2026-02-26T04:36:13.153895+00:00,USDJPY,BUY,156.034,155.75061366834808,156.60077266330381,0.01,sent,0.0,0.0,quiet,0.0,0.0
2026-02-26T04:37:31.072622+00:00,USDJPY,BUY,156.064,155.78061366834808,156.63077266330382,0.01,sent,0.0,0.0,quiet,0.0,0.0
2026-02-26T04:38:48.885149+00:00,USDJPY,BUY,156.058,155.77461366834808,156.62477266330382,0.01,sent,0.0,0.0,quiet,0.0,0.0
2026-02-26T04:40:10.457243+00:00,USDJPY,BUY,156.073,155.7896136683481,156.63977266330383,0.01,sent,0.0,0.0,quiet,0.0,0.0
2026-02-26T04:41:28.220544+00:00,USDJPY,BUY,156.038,155.7546136683481,156.60477266330383,0.01,sent,0.0,0.0,quiet,0.0,0.0
2026-02-26T04:42:46.239309+00:00,USDJPY,BUY,156.047,155.76361366834809,156.61377266330382,0.01,sent,0.0,0.0,quiet,0.0,0.0
2026-02-26T04:44:04.355736+00:00,USDJPY,BUY,156.033,155.74961366834808,156.5997726633038,0.01,sent,0.0,0.0,quiet,0.0,0.0
2026-02-26T04:45:22.368248+00:00,USDJPY,BUY,156.022,155.73861366834808,156.5887726633038,0.01,sent,0.0,0.0,quiet,0.0,0.0
2026-02-26T04:46:40.198437+00:00,USDJPY,BUY,156.031,155.7476136683481,156.59777266330383,0.01,sent,0.0,0.0,quiet,0.0,0.0
2026-02-26T04:47:58.530667+00:00,USDJPY,BUY,155.999,155.71561366834808,156.56577266330382,0.01,sent,0.0,0.0,quiet,0.0,0.0
2026-02-26T04:49:16.647641+00:00,USDJPY,BUY,156.011,155.72761366834808,156.57777266330382,0.01,sent,0.0,0.0,quiet,0.0,0.0
2026-02-26T04:50:34.414625+00:00,USDJPY,BUY,155.997,155.7136136683481,156.56377266330384,0.01,sent,0.0,0.0,quiet,0.0,0.0
2026-02-26T04:51:52.194095+00:00,USDJPY,BUY,156.023,155.73961366834808,156.58977266330382,0.01,sent,0.0,0.0,quiet,0.0,0.0
2026-02-26T04:53:10.363667+00:00,USDJPY,BUY,156.02,155.7366136683481,156.58677266330383,0.01,sent,0.0,0.0,quiet,0.0,0.0
2026-02-26T04:54:28.236367+00:00,USDJPY,BUY,155.998,155.71461366834808,156.5647726633038,0.01,sent,0.0,0.0,quiet,0.0,0.0
2026-02-26T04:55:46.259590+00:00,USDJPY,BUY,155.933,155.64961366834808,156.49977266330382,0.01,sent,0.0,0.0,quiet,0.0,0.0
2026-02-26T04:57:04.072219+00:00,USDJPY,BUY,155.95,155.66661366834808,156.5167726633038,0.01,sent,0.0,0.0,quiet,0.0,0.0
2026-02-26T04:58:22.180719+00:00,USDJPY,BUY,155.924,155.6406136683481,156.49077266330383,0.01,sent,0.0,0.0,quiet,0.0,0.0
2026-02-26T04:59:40.034268+00:00,USDJPY,BUY,155.895,155.61054223977666,156.46391552044668,0.01,sent,0.0,0.0,quiet,0.0,0.0
2026-02-26T05:00:57.937094+00:00,USDJPY,BUY,155.878,155.61037850836402,156.41324298327189,0.01,sent,0.0,0.0,quiet,0.0,0.0
2026-02-26T05:02:16.540384+00:00,USDJPY,BUY,155.873,155.60537850836403,156.4082429832719,0.01,sent,0.0,0.0,quiet,0.0,0.0
2026-02-26T05:03:34.799646+00:00,USDJPY,BUY,155.854,155.58503922264978,156.3919215547005,0.01,sent,0.0,0.0,quiet,0.0,0.0
2026-02-26T05:04:53.318399+00:00,USDJPY,BUY,155.889,155.62003922264978,156.4269215547005,0.01,sent,0.0,0.0,quiet,0.0,0.0
2026-02-26T05:06:11.809919+00:00,USDJPY,BUY,155.914,155.6440570797926,156.45388584041476,0.01,sent,0.0,0.0,quiet,0.0,0.0
2026-02-26T05:07:29.635429+00:00,USDJPY,BUY,155.903,155.63207493693545,156.44485012612904,0.01,sent,0.0,0.0,quiet,0.0,0.0
2026-02-26T05:08:47.895142+00:00,USDJPY,BUY,155.885,155.61407493693545,156.42685012612904,0.01,sent,0.0,0.0,quiet,0.0,0.0
2026-02-26T05:10:05.929564+00:00,USDJPY,BUY,155.879,155.60807493693545,156.42085012612904,0.01,sent,0.0,0.0,quiet,0.0,0.0
2026-02-26T05:11:23.868712+00:00,USDJPY,BUY,155.867,155.59607493693545,156.40885012612904,0.01,sent,0.0,0.0,quiet,0.0,0.0
2026-02-26T05:12:41.954443+00:00,USDJPY,BUY,155.89,155.61907493693545,156.43185012612904,0.01,sent,0.0,0.0,quiet,0.0,0.0
2026-02-26T05:14:00.084718+00:00,USDJPY,BUY,155.917,155.64571779407834,156.45956441184336,0.01,sent,0.0,0.0,quiet,0.0,0.0
2026-02-26T05:15:18.581867+00:00,USDJPY,BUY,155.912,155.64000350836406,156.45599298327193,0.01,sent,0.0,0.0,quiet,0.0,0.0
2026-02-26T05:16:36.862284+00:00,USDJPY,BUY,155.873,155.60100350836404,156.4169929832719,0.01,sent,0.0,0.0,quiet,0.0,0.0
2026-02-26T05:17:54.518421+00:00,USDJPY,BUY,155.849,155.57637850836403,156.3942429832719,0.01,sent,0.0,0.0,quiet,0.0,0.0
2026-02-26T05:19:12.754373+00:00,USDJPY,BUY,155.842,155.5690213655069,156.3879572689862,0.01,sent,0.0,0.0,quiet,0.0,0.0
2026-02-26T05:20:30.594161+00:00,USDJPY,BUY,155.875,155.60193207979262,156.42113584041476,0.01,sent,0.0,0.0,quiet,0.0,0.0
2026-02-26T05:21:48.467361+00:00,USDJPY,BUY,155.864,155.59093207979262,156.41013584041477,0.01,sent,0.0,0.0,quiet,0.0,0.0
2026-02-26T05:23:06.442756+00:00,USDJPY,BUY,155.925,155.65193207979263,156.47113584041477,0.01,sent,0.0,0.0,quiet,0.0,0.0
2026-02-27T04:56:52.300596+00:00,EURUSD,BUY,1.18108,1.179744181403657,1.1837516371926855,0.02,rejected,0.0,0.0,quiet,0.0,0.0
2026-02-27T04:57:02.091522+00:00,USDJPY,BUY,155.576,155.2955852605188,156.13682947896237,0.01,rejected,0.0,0.0,normal,0.0,0.0
2026-02-27T04:58:07.760036+00:00,EURUSD,BUY,1.1810100000000001,1.1796741814036573,1.1836816371926857,0.02,rejected,0.0,0.0,quiet,0.0,0.0
2026-02-27T04:58:17.804782+00:00,USDJPY,BUY,155.578,155.29758526051882,156.13882947896238,0.01,rejected,0.0,0.0,normal,0.0,0.0
2026-02-27T05:01:28.007003+00:00,EURUSD,BUY,1.18109,1.1798424541605388,1.1835850916789221,0.02,rejected,0.0,0.0,quiet,0.0,0.0
2026-02-27T05:01:37.840490+00:00,USDJPY,BUY,155.612,155.3476863133389,156.1406273733222,0.01,rejected,0.0,0.0,normal,0.0,0.0
2026-02-27T05:01:40.903637+00:00,USOIL,BUY,65.299,64.76185284973627,66.37329430052746,0.01,rejected,0.0,0.0,normal,0.36000000000000004,0.0
2026-02-27T05:02:43.885279+00:00,EURUSD,BUY,1.1811,1.1798497755891104,1.1836004488217793,0.02,rejected,0.0,0.0,quiet,0.0,0.0
2026-02-27T05:02:53.367811+00:00,USDJPY,BUY,155.611,155.34623988476747,156.14052023046506,0.01,rejected,0.0,0.0,normal,0.0,0.0
2026-02-27T05:02:56.429575+00:00,USOIL,BUY,65.299,64.76122784973627,66.37454430052746,0.01,rejected,0.0,0.0,normal,0.36000000000000004,0.0
2026-02-27T05:03:59.461780+00:00,EURUSD,BUY,1.18106,1.1798097755891104,1.1835604488217792,0.02,rejected,0.0,0.0,quiet,0.0,0.0
2026-02-27T05:04:09.542920+00:00,USDJPY,BUY,155.643,155.37663274191033,156.17573451617935,0.01,rejected,0.0,0.0,normal,0.0,0.0
2026-02-27T05:04:12.548013+00:00,USOIL,BUY,65.304,64.76622784973627,66.37954430052746,0.01,rejected,0.0,0.0,normal,0.36000000000000004,0.0
2026-02-27T05:05:22.431717+00:00,EURUSD,BUY,1.18088,1.1796145970176817,1.1834108059646364,0.02,rejected,0.0,0.0,quiet,0.0,0.0
2026-02-27T05:05:32.336432+00:00,USDJPY,BUY,155.654,155.38611488476747,156.18977023046506,0.01,rejected,0.0,0.0,normal,0.0,0.0
2026-02-27T05:05:35.356367+00:00,USOIL,BUY,65.314,64.77551356402198,66.39097287195602,0.01,rejected,0.0,0.0,normal,0.36000000000000004,0.0
2026-02-27T05:06:38.303286+00:00,EURUSD,BUY,1.18088,1.1796137041605388,1.1834125916789222,0.02,rejected,0.0,0.0,quiet,0.0,0.0
2026-02-27T05:06:47.795917+00:00,USDJPY,BUY,155.664,155.39566845619603,156.2006630876079,0.01,rejected,0.0,0.0,normal,0.0,0.0
2026-02-27T05:06:50.795939+00:00,USOIL,BUY,65.34,64.79954927830771,66.42090144338461,0.01,rejected,0.0,0.0,normal,0.36000000000000004,0.0
2026-02-27T05:07:53.672484+00:00,EURUSD,BUY,1.18083,1.1795619184462531,1.1833661631074937,0.02,rejected,0.0,0.0,quiet,0.0,0.0
2026-02-27T05:08:03.438387+00:00,USDJPY,BUY,155.667,155.39732917048175,156.2063416590365,0.01,rejected,0.0,0.0,normal,0.0,0.0
2026-02-27T05:08:06.341419+00:00,USOIL,BUY,65.328,64.78531713545055,66.41336572909889,0.01,rejected,0.0,0.0,normal,0.36000000000000004,0.0
2026-02-27T05:09:09.303026+00:00,EURUSD,BUY,1.1808,1.1795283470176818,1.1833433059646365,0.02,rejected,0.0,0.0,quiet,0.0,0.0
2026-02-27T05:09:18.847971+00:00,USDJPY,BUY,155.692,155.42107917048176,156.2338416590365,0.01,rejected,0.0,0.0,normal,0.0,0.0
2026-02-27T05:09:22.003886+00:00,USOIL,BUY,65.307,64.76431713545055,66.39236572909888,0.01,rejected,0.0,0.0,normal,0.36000000000000004,0.0
2026-02-27T05:10:24.959952+00:00,EURUSD,BUY,1.18086,1.1795883470176818,1.1834033059646365,0.02,rejected,0.0,0.0,quiet,0.0,0.0
2026-02-27T05:10:34.241822+00:00,USDJPY,BUY,155.685,155.41407917048176,156.2268416590365,0.01,rejected,0.0,0.0,normal,0.0,0.0
2026-02-27T05:10:37.179464+00:00,USOIL,BUY,65.305,64.76231713545056,66.39036572909889,0.01,rejected,0.0,0.0,normal,0.36000000000000004,0.0
2026-02-27T05:11:40.279712+00:00,EURUSD,BUY,1.18089,1.1796183470176818,1.1834333059646365,0.02,rejected,0.0,0.0,quiet,0.0,0.0
2026-02-27T05:11:49.775921+00:00,USDJPY,BUY,155.672,155.40107917048175,156.2138416590365,0.01,rejected,0.0,0.0,normal,0.0,0.0
2026-02-27T05:11:52.737122+00:00,USOIL,BUY,65.312,64.76931713545055,66.39736572909888,0.01,rejected,0.0,0.0,normal,0.36000000000000004,0.0
2026-02-27T05:12:55.622101+00:00,EURUSD,BUY,1.18093,1.1796583470176818,1.1834733059646365,0.02,rejected,0.0,0.0,quiet,0.0,0.0
2026-02-27T05:13:05.528722+00:00,USDJPY,BUY,155.659,155.38807917048175,156.20084165903648,0.01,rejected,0.0,0.0,normal,0.0,0.0
2026-02-27T05:13:08.778687+00:00,USOIL,BUY,65.322,64.77931713545055,66.40736572909888,0.01,rejected,0.0,0.0,normal,0.36000000000000004,0.0
2026-02-27T05:14:11.655699+00:00,EURUSD,BUY,1.18093,1.1796583470176818,1.1834733059646365,0.02,rejected,0.0,0.0,quiet,0.0,0.0
2026-02-27T05:14:21.247438+00:00,USDJPY,BUY,155.667,155.39607917048176,156.2088416590365,0.01,rejected,0.0,0.0,normal,0.0,0.0
2026-02-27T05:14:23.859137+00:00,USOIL,BUY,65.327,64.78431713545055,66.41236572909888,0.01,rejected,0.0,0.0,normal,0.36000000000000004,0.0
2026-02-27T05:15:26.786294+00:00,EURUSD,BUY,1.1809,1.1796283470176818,1.1834433059646365,0.02,rejected,0.0,0.0,quiet,0.0,0.0
2026-02-27T05:15:36.032124+00:00,USDJPY,BUY,155.693,155.4219898847675,156.23502023046507,0.01,rejected,0.0,0.0,normal,0.0,0.0
2026-02-27T05:15:38.721188+00:00,USOIL,BUY,65.34,64.79731713545056,66.42536572909889,0.01,rejected,0.0,0.0,normal,0.36000000000000004,0.0
2026-02-27T05:16:41.661118+00:00,EURUSD,BUY,1.18089,1.1796183470176818,1.1834333059646365,0.02,rejected,0.0,0.0,quiet,0.0,0.0
2026-02-27T05:16:51.265881+00:00,USDJPY,BUY,155.674,155.4029898847675,156.21602023046506,0.01,rejected,0.0,0.0,normal,0.0,0.0
2026-02-27T05:16:54.289311+00:00,USOIL,BUY,65.39,64.84508499259341,66.47983001481317,0.01,rejected,0.0,0.0,normal,0.36000000000000004,0.0
2026-02-27T05:17:57.290797+00:00,EURUSD,BUY,1.18098,1.1797083470176817,1.1835233059646364,0.02,rejected,0.0,0.0,quiet,0.0,0.0
2026-02-27T05:18:07.648188+00:00,USDJPY,BUY,155.665,155.39398988476748,156.20702023046505,0.01,rejected,0.0,0.0,normal,0.0,0.0
2026-02-27T05:18:10.353934+00:00,USOIL,BUY,65.391,64.84581713545056,66.4813657290989,0.01,rejected,0.0,0.0,normal,0.36000000000000004,0.0
2026-02-27T05:19:13.259638+00:00,EURUSD,BUY,1.18083,1.1795583470176818,1.1833733059646365,0.02,rejected,0.0,0.0,quiet,0.0,0.0
2026-02-27T05:19:22.762749+00:00,USDJPY,BUY,155.699,155.42709702762463,156.24280594475078,0.01,rejected,0.0,0.0,normal,0.0,0.0
2026-02-27T05:19:25.541447+00:00,USOIL,BUY,65.379,64.83372784973628,66.46954430052746,0.01,rejected,0.0,0.0,normal,0.36000000000000004,0.0
2026-02-27T05:20:28.261934+00:00,EURUSD,BUY,1.1808,1.1795283470176818,1.1833433059646365,0.02,rejected,0.0,0.0,quiet,0.0,0.0
2026-02-28T04:36:16.874093+00:00,USDJPY,BUY,156.055,155.80254435425493,156.55991129149015,0.01,rejected,0.0,0.0,quiet,0.36000000000000004,0.0
2026-02-28T04:56:05.478997+00:00,USDJPY,BUY,156.055,155.80254435425493,156.55991129149015,0.01,rejected,0.0,0.0,quiet,0.36000000000000004,0.0
2026-02-28T04:57:19.087719+00:00,USDJPY,BUY,156.055,155.80254435425493,156.55991129149015,0.01,rejected,0.0,0.0,quiet,0.36000000000000004,0.0
2026-02-28T04:58:33.154571+00:00,USDJPY,BUY,156.055,155.80254435425493,156.55991129149015,0.01,rejected,0.0,0.0,quiet,0.36000000000000004,0.0
2026-02-28T04:59:46.818011+00:00,USDJPY,BUY,156.055,155.80254435425493,156.55991129149015,0.01,rejected,0.0,0.0,quiet,0.36000000000000004,0.0
2026-02-28T05:01:00.714983+00:00,USDJPY,BUY,156.055,155.80254435425493,156.55991129149015,0.01,rejected,0.0,0.0,quiet,0.36000000000000004,0.0
2026-02-28T05:02:15.193167+00:00,USDJPY,BUY,156.055,155.80254435425493,156.55991129149015,0.01,rejected,0.0,0.0,quiet,0.36000000000000004,0.0
2026-02-28T06:08:43.182549+00:00,USDJPY,BUY,156.055,155.80254435425493,156.55991129149015,0.01,rejected,0.0,0.0,quiet,0.36000000000000004,0.0
